true_answer,total_guesses,guess_sequence
aback,4,"raise, cloam, annul, aback"
abase,3,"raise, butch, abase"
abate,3,"raise, black, abate"
abbey,4,"raise, tepal, amend, abbey"
abbot,3,"raise, cloam, abbot"
abhor,4,"raise, tronc, myrrh, abhor"
abide,3,"raise, ankle, abide"
abled,3,"raise, tepal, abled"
abode,3,"raise, black, abode"
abort,3,"raise, tronc, abort"
about,4,"raise, cloam, abbot, about"
above,4,"raise, black, abode, above"
abuse,3,"raise, butch, abuse"
abyss,3,"raise, shalt, abyss"
acorn,3,"raise, tronc, acorn"
acrid,3,"raise, gland, acrid"
actor,3,"raise, tronc, actor"
acute,3,"raise, black, acute"
adage,4,"raise, black, adapt, adage"
adapt,4,"raise, cloam, again, adapt"
adept,3,"raise, tepal, adept"
admin,3,"raise, alant, admin"
admit,3,"raise, alant, admit"
adobe,4,"raise, black, abode, adobe"
adopt,4,"raise, cloam, abbot, adopt"
adore,3,"raise, bract, adore"
adorn,3,"raise, tronc, adorn"
adult,4,"raise, cloam, aunty, adult"
affix,4,"raise, alant, aphid, affix"
afire,2,"raise, afire"
afoot,4,"raise, cloam, abbot, afoot"
afoul,3,"raise, cloam, afoul"
after,4,"raise, bleat, extra, after"
again,3,"raise, alant, again"
agape,4,"raise, black, adapt, agape"
agate,4,"raise, black, adapt, agate"
agent,3,"raise, tepal, agent"
agile,3,"raise, ankle, agile"
aging,3,"raise, agony, aging"
aglow,4,"raise, cloam, koala, aglow"
agony,4,"raise, cloam, abbot, agony"
agora,3,"raise, tronc, agora"
agree,4,"raise, bract, adore, agree"
ahead,3,"raise, tepal, ahead"
aider,2,"raise, aider"
aisle,2,"raise, aisle"
alarm,4,"raise, tronc, award, alarm"
album,3,"raise, cloam, album"
alert,3,"raise, bleat, alert"
algae,3,"raise, black, algae"
alibi,3,"raise, agony, alibi"
alien,2,"raise, alien"
align,3,"raise, agony, align"
alike,3,"raise, ankle, alike"
alive,3,"raise, ankle, alive"
allay,3,"raise, cloam, allay"
alley,4,"raise, tepal, abled, alley"
allot,4,"raise, cloam, amity, allot"
allow,4,"raise, cloam, amity, allow"
alloy,4,"raise, cloam, amity, alloy"
aloft,4,"raise, cloam, aunty, aloft"
alone,4,"raise, black, algae, alone"
along,4,"raise, cloam, aunty, along"
aloof,4,"raise, cloam, aunty, aloof"
aloud,4,"raise, cloam, aunty, aloud"
alpha,4,"raise, cloam, blank, alpha"
altar,3,"raise, tronc, altar"
alter,3,"raise, bleat, alter"
amass,3,"raise, shalt, amass"
amaze,4,"raise, black, adapt, amaze"
amber,3,"raise, bleat, amber"
amble,3,"raise, black, amble"
amend,3,"raise, tepal, amend"
amiss,2,"raise, amiss"
amity,3,"raise, agony, amity"
among,3,"raise, cloam, among"
ample,3,"raise, black, ample"
amply,3,"raise, cloam, amply"
amuse,3,"raise, butch, amuse"
angel,3,"raise, tepal, angel"
anger,4,"raise, bleat, weary, anger"
angle,4,"raise, black, ample, angle"
angry,3,"raise, tronc, angry"
angst,3,"raise, shalt, angst"
anime,3,"raise, ankle, anime"
ankle,3,"raise, black, ankle"
annex,4,"raise, tepal, amend, annex"
annoy,4,"raise, cloam, abbot, annoy"
annul,4,"raise, cloam, aunty, annul"
anode,3,"raise, black, anode"
antic,3,"raise, alant, antic"
anvil,3,"raise, alant, anvil"
aorta,3,"raise, tronc, aorta"
apart,4,"raise, tronc, altar, apart"
aphid,3,"raise, alant, aphid"
aping,3,"raise, agony, aping"
apnea,3,"raise, tepal, apnea"
apple,4,"raise, black, ample, apple"
apply,4,"raise, cloam, aunty, apply"
apron,3,"raise, tronc, apron"
aptly,4,"raise, cloam, aunty, aptly"
arbor,4,"raise, tronc, amber, arbor"
ardor,4,"raise, tronc, amber, ardor"
arena,3,"raise, bleat, arena"
argue,3,"raise, bract, argue"
arise,2,"raise, arise"
armor,4,"raise, tronc, amber, armor"
aroma,3,"raise, tronc, aroma"
arose,2,"raise, arose"
array,4,"raise, tronc, delay, array"
arrow,4,"raise, tronc, amber, arrow"
arson,3,"raise, clapt, arson"
artsy,3,"raise, batch, artsy"
ascot,3,"raise, clapt, ascot"
ashen,3,"raise, knelt, ashen"
aside,2,"raise, aside"
askew,3,"raise, knelt, askew"
assay,3,"raise, clapt, assay"
asset,3,"raise, knelt, asset"
atoll,4,"raise, cloam, afoul, atoll"
atone,4,"raise, black, anode, atone"
attic,3,"raise, alant, attic"
audio,4,"raise, alant, aphid, audio"
audit,4,"raise, alant, admit, audit"
augur,4,"raise, tronc, award, augur"
aunty,4,"raise, cloam, again, aunty"
avail,3,"raise, alant, avail"
avert,3,"raise, bleat, avert"
avian,3,"raise, agony, avian"
avoid,4,"raise, alant, aphid, avoid"
await,3,"raise, alant, await"
awake,3,"raise, black, awake"
award,3,"raise, tronc, award"
aware,4,"raise, bract, flare, aware"
awash,4,"raise, shalt, about, awash"
awful,4,"raise, cloam, aunty, awful"
awoke,3,"raise, black, awoke"
axial,4,"raise, agony, alibi, axial"
axiom,3,"raise, agony, axiom"
axion,3,"raise, agony, axion"
azure,4,"raise, bract, adore, azure"
bacon,3,"raise, cyton, bacon"
badge,3,"raise, gulch, badge"
badly,4,"raise, cyton, godly, badly"
bagel,3,"raise, notch, bagel"
baggy,4,"raise, cyton, godly, baggy"
baker,4,"raise, empty, aglow, baker"
baler,4,"raise, empty, aglow, baler"
balmy,4,"raise, cyton, godly, balmy"
banal,3,"raise, cyton, banal"
banjo,3,"raise, cyton, banjo"
barge,3,"raise, aback, barge"
baron,4,"raise, compt, favor, baron"
basal,3,"raise, tonal, basal"
basic,3,"raise, bancs, basic"
basil,3,"raise, bancs, basil"
basin,3,"raise, bancs, basin"
basis,3,"raise, bancs, basis"
baste,3,"raise, butch, baste"
batch,4,"raise, cyton, blimp, batch"
bathe,3,"raise, gulch, bathe"
baton,3,"raise, cyton, baton"
batty,4,"raise, cyton, beefy, batty"
bawdy,4,"raise, cyton, godly, bawdy"
bayou,3,"raise, cyton, bayou"
beach,4,"raise, tepal, beady, beach"
beady,3,"raise, tepal, beady"
beard,3,"raise, bleat, beard"
beast,3,"raise, lefty, beast"
beech,4,"raise, lento, badly, beech"
beefy,4,"raise, lento, badly, beefy"
befit,3,"raise, lined, befit"
began,3,"raise, tepal, began"
begat,3,"raise, tepal, begat"
beget,4,"raise, lento, debut, beget"
begin,3,"raise, lined, begin"
begun,3,"raise, lento, begun"
being,3,"raise, chynd, being"
belch,4,"raise, lento, vibey, belch"
belie,3,"raise, lingo, belie"
belle,3,"raise, nould, belle"
belly,4,"raise, lento, vibey, belly"
below,3,"raise, lento, below"
bench,3,"raise, lento, bench"
beret,4,"raise, coted, burnt, beret"
berry,4,"raise, coted, ferry, berry"
berth,4,"raise, coted, erupt, berth"
beset,4,"raise, spelt, onset, beset"
betel,3,"raise, lento, betel"
bevel,4,"raise, lento, vibey, bevel"
bezel,4,"raise, lento, vibey, bezel"
bible,3,"raise, lingo, bible"
bicep,3,"raise, lined, bicep"
biddy,4,"raise, linty, pudgy, biddy"
bigot,4,"raise, linty, crowd, bigot"
bilge,3,"raise, lingo, bilge"
billy,4,"raise, linty, bumfs, billy"
binge,3,"raise, lingo, binge"
bingo,4,"raise, linty, crowd, bingo"
biome,3,"raise, lingo, biome"
birch,3,"raise, grout, birch"
birth,3,"raise, grout, birth"
bison,3,"raise, shout, bison"
bitty,4,"raise, linty, bawdy, bitty"
black,3,"raise, cloam, black"
blade,4,"raise, black, admin, blade"
blame,4,"raise, black, admin, blame"
bland,4,"raise, cloam, blank, bland"
blank,3,"raise, cloam, blank"
blare,3,"raise, bract, blare"
blast,3,"raise, shalt, blast"
blaze,4,"raise, black, admin, blaze"
bleak,4,"raise, tepal, glean, bleak"
bleat,3,"raise, tepal, bleat"
bleed,4,"raise, lento, cupel, bleed"
bleep,4,"raise, lento, cupel, bleep"
blend,3,"raise, lento, blend"
bless,3,"raise, clogs, bless"
blimp,3,"raise, clint, blimp"
blind,3,"raise, clint, blind"
blink,4,"raise, clint, blind, blink"
bliss,3,"raise, forth, bliss"
blitz,3,"raise, clint, blitz"
bloat,4,"raise, cloam, badge, bloat"
block,3,"raise, could, block"
bloke,4,"raise, nould, bicep, bloke"
blond,3,"raise, could, blond"
blood,4,"raise, could, blond, blood"
bloom,3,"raise, could, bloom"
blown,4,"raise, could, bloom, blown"
bluer,4,"raise, coted, ulpan, bluer"
bluff,4,"raise, could, flunk, bluff"
blunt,4,"raise, could, flunk, blunt"
blurb,3,"raise, count, blurb"
blurt,3,"raise, count, blurt"
blush,3,"raise, bhuts, blush"
board,4,"raise, tronc, myrrh, board"
boast,4,"raise, shalt, aback, boast"
bobby,4,"raise, could, boozy, bobby"
boney,4,"raise, lento, abhor, boney"
bongo,4,"raise, could, boozy, bongo"
bonus,3,"raise, poynt, bonus"
booby,4,"raise, could, boozy, booby"
boost,3,"raise, bhuts, boost"
booth,4,"raise, could, boozy, booth"
booty,5,"raise, could, boozy, booby, booty"
booze,3,"raise, nould, booze"
boozy,3,"raise, could, boozy"
borax,4,"raise, tronc, myrrh, borax"
borne,3,"raise, prong, borne"
bosom,4,"raise, poynt, focus, bosom"
bossy,3,"raise, bhuts, bossy"
botch,3,"raise, could, botch"
bough,4,"raise, could, mouth, bough"
boule,3,"raise, nould, boule"
bound,4,"raise, could, bumph, bound"
bowel,4,"raise, lento, advew, bowel"
boxer,5,"raise, coted, mawky, anvil, boxer"
brace,3,"raise, bract, brace"
braid,3,"raise, gland, braid"
brain,3,"raise, gland, brain"
brake,3,"raise, bract, brake"
brand,4,"raise, tronc, bifid, brand"
brash,3,"raise, batch, brash"
brass,3,"raise, batch, brass"
brave,4,"raise, bract, brake, brave"
bravo,4,"raise, tronc, amber, bravo"
brawl,4,"raise, tronc, delay, brawl"
brawn,4,"raise, tronc, adapt, brawn"
bread,3,"raise, bleat, bread"
break,4,"raise, bleat, bread, break"
breed,4,"raise, coted, badge, breed"
briar,3,"raise, abled, briar"
bribe,3,"raise, dempt, bribe"
brick,4,"raise, tronk, bicep, brick"
bride,3,"raise, dempt, bride"
brief,3,"raise, draft, brief"
brine,4,"raise, dempt, bribe, brine"
bring,3,"raise, tronk, bring"
brink,3,"raise, tronk, brink"
briny,4,"raise, tronk, bring, briny"
brisk,3,"raise, aback, brisk"
broad,4,"raise, tronc, aroma, broad"
broil,3,"raise, grout, broil"
broke,4,"raise, prong, debts, broke"
brood,4,"raise, count, blood, brood"
brook,4,"raise, count, blood, brook"
broom,5,"raise, count, blood, brook, broom"
broth,4,"raise, count, throb, broth"
brown,4,"raise, count, badge, brown"
brunt,3,"raise, count, brunt"
brush,3,"raise, count, brush"
brute,3,"raise, prong, brute"
buddy,4,"raise, could, dumpy, buddy"
budge,4,"raise, nould, banjo, budge"
buggy,4,"raise, could, nymph, buggy"
bugle,3,"raise, nould, bugle"
build,3,"raise, clint, build"
built,4,"raise, clint, badge, built"
bulge,3,"raise, nould, bulge"
bulky,3,"raise, could, bulky"
bully,4,"raise, could, badge, bully"
bunch,4,"raise, could, habit, bunch"
bunny,4,"raise, could, nymph, bunny"
burly,4,"raise, count, chalk, burly"
burnt,3,"raise, count, burnt"
burst,3,"raise, count, burst"
bused,3,"raise, spelt, bused"
bushy,4,"raise, poynt, haulm, bushy"
butch,4,"raise, could, habit, butch"
butte,4,"raise, nould, fugue, butte"
buxom,4,"raise, could, gumbo, buxom"
buyer,4,"raise, coted, ulpan, buyer"
bylaw,3,"raise, cloam, bylaw"
cabal,3,"raise, cyton, cabal"
cabby,3,"raise, cyton, cabby"
cabin,3,"raise, clapt, cabin"
cable,3,"raise, gulch, cable"
cacao,3,"raise, cyton, cacao"
cache,3,"raise, gulch, cache"
cacti,3,"raise, clapt, cacti"
caddy,4,"raise, cyton, cabby, caddy"
cadet,3,"raise, notch, cadet"
cagey,3,"raise, notch, cagey"
cairn,3,"raise, chafe, cairn"
camel,4,"raise, notch, cagey, camel"
cameo,3,"raise, notch, cameo"
canal,3,"raise, cyton, canal"
candy,3,"raise, cyton, candy"
canny,4,"raise, cyton, candy, canny"
canoe,3,"raise, gulch, canoe"
canon,3,"raise, cyton, canon"
caper,3,"raise, empty, caper"
caput,3,"raise, cyton, caput"
carat,3,"raise, compt, carat"
cargo,3,"raise, compt, cargo"
carol,4,"raise, compt, cargo, carol"
carry,3,"raise, compt, carry"
carve,3,"raise, aback, carve"
caste,3,"raise, butch, caste"
catch,3,"raise, cyton, catch"
cater,4,"raise, empty, chalk, cater"
catty,3,"raise, cyton, catty"
caulk,4,"raise, cyton, cabal, caulk"
cause,3,"raise, ample, cause"
cavil,3,"raise, clapt, cavil"
cease,3,"raise, butch, cease"
cedar,3,"raise, bleat, cedar"
cello,3,"raise, lento, cello"
chafe,3,"raise, black, chafe"
chaff,3,"raise, cloam, chaff"
chain,3,"raise, alant, chain"
chair,3,"raise, gland, chair"
chalk,3,"raise, cloam, chalk"
champ,3,"raise, cloam, champ"
chant,4,"raise, cloam, chaff, chant"
chaos,3,"raise, clapt, chaos"
chard,3,"raise, tronc, chard"
charm,4,"raise, tronc, chard, charm"
chart,3,"raise, tronc, chart"
chase,3,"raise, butch, chase"
chasm,3,"raise, shalt, chasm"
cheap,3,"raise, tepal, cheap"
cheat,3,"raise, tepal, cheat"
check,3,"raise, lento, check"
cheek,4,"raise, lento, check, cheek"
cheer,4,"raise, coted, creek, cheer"
chess,3,"raise, clogs, chess"
chest,3,"raise, clogs, chest"
chick,3,"raise, clint, chick"
chide,3,"raise, cloth, chide"
chief,3,"raise, chynd, chief"
child,4,"raise, clint, decal, child"
chili,4,"raise, clint, decal, chili"
chill,4,"raise, clint, decal, chill"
chime,4,"raise, cloth, chide, chime"
china,3,"raise, agony, china"
chirp,3,"raise, tronk, chirp"
chock,3,"raise, could, chock"
choir,3,"raise, grout, choir"
choke,3,"raise, nould, choke"
chord,4,"raise, count, crock, chord"
chore,3,"raise, prong, chore"
chose,3,"raise, cloth, chose"
chuck,3,"raise, could, chuck"
chump,4,"raise, could, chuck, chump"
chunk,4,"raise, could, chuck, chunk"
churn,3,"raise, count, churn"
chute,3,"raise, nould, chute"
cider,3,"raise, vined, cider"
cigar,3,"raise, gland, cigar"
cinch,4,"raise, linty, crowd, cinch"
circa,3,"raise, gland, circa"
civic,4,"raise, linty, vivid, civic"
civil,3,"raise, linty, civil"
clack,3,"raise, cloam, clack"
claim,4,"raise, alant, acrid, claim"
clamp,3,"raise, cloam, clamp"
clang,4,"raise, cloam, clack, clang"
clank,4,"raise, cloam, clack, clank"
clash,3,"raise, shalt, clash"
clasp,4,"raise, shalt, class, clasp"
class,3,"raise, shalt, class"
clean,4,"raise, tepal, glean, clean"
clear,3,"raise, bleat, clear"
cleat,4,"raise, tepal, bleat, cleat"
cleft,3,"raise, lento, cleft"
clerk,3,"raise, coted, clerk"
click,4,"raise, clint, aback, click"
cliff,4,"raise, clint, aback, cliff"
climb,4,"raise, clint, aback, climb"
cling,3,"raise, clint, cling"
clink,4,"raise, clint, cling, clink"
cloak,3,"raise, cloam, cloak"
clock,4,"raise, could, agent, clock"
clone,3,"raise, nould, clone"
close,3,"raise, cloth, close"
cloth,4,"raise, could, agent, cloth"
cloud,3,"raise, could, cloud"
clout,3,"raise, could, clout"
clove,4,"raise, nould, bicep, clove"
clown,4,"raise, could, agent, clown"
cluck,4,"raise, could, admin, cluck"
clued,4,"raise, lento, cupel, clued"
clump,4,"raise, could, admin, clump"
clung,4,"raise, could, admin, clung"
coach,3,"raise, cloam, coach"
coast,4,"raise, shalt, aback, coast"
cobra,3,"raise, tronc, cobra"
cocoa,4,"raise, cloam, coach, cocoa"
colon,3,"raise, could, colon"
color,3,"raise, count, color"
comet,3,"raise, lento, comet"
comfy,3,"raise, could, comfy"
comic,3,"raise, linty, comic"
comma,3,"raise, cloam, comma"
conch,4,"raise, could, comfy, conch"
condo,3,"raise, could, condo"
conic,3,"raise, linty, conic"
copse,3,"raise, cloth, copse"
coral,4,"raise, tronc, cobra, coral"
corer,4,"raise, coted, arrow, corer"
corny,3,"raise, count, corny"
couch,3,"raise, could, couch"
cough,4,"raise, could, couch, cough"
could,2,"raise, could"
count,4,"raise, could, couch, count"
coupe,3,"raise, nould, coupe"
court,3,"raise, count, court"
coven,4,"raise, lento, woven, coven"
cover,4,"raise, coted, arrow, cover"
covet,4,"raise, lento, comet, covet"
covey,4,"raise, lento, epoch, covey"
cower,4,"raise, coted, arrow, cower"
coyly,3,"raise, could, coyly"
crack,4,"raise, tronc, gawky, crack"
craft,3,"raise, tronc, craft"
cramp,4,"raise, tronc, gawky, cramp"
crane,4,"raise, bract, anvil, crane"
crank,3,"raise, tronc, crank"
crash,3,"raise, batch, crash"
crass,3,"raise, batch, crass"
crate,3,"raise, bract, crate"
crave,4,"raise, bract, anvil, crave"
crawl,4,"raise, tronc, gawky, crawl"
craze,4,"raise, bract, anvil, craze"
crazy,4,"raise, tronc, gawky, crazy"
creak,4,"raise, bleat, comfy, creak"
cream,4,"raise, bleat, comfy, cream"
credo,3,"raise, coted, credo"
creed,3,"raise, coted, creed"
creek,3,"raise, coted, creek"
creep,4,"raise, coted, creek, creep"
creme,4,"raise, prong, brute, creme"
crepe,3,"raise, prong, crepe"
crept,3,"raise, coted, crept"
cress,3,"raise, chops, cress"
crest,3,"raise, chops, crest"
crick,4,"raise, tronk, bicep, crick"
cried,3,"raise, draft, cried"
crier,3,"raise, draft, crier"
crime,3,"raise, dempt, crime"
crimp,4,"raise, tronk, godly, crimp"
crisp,3,"raise, aback, crisp"
croak,3,"raise, tronc, croak"
crock,3,"raise, count, crock"
crone,3,"raise, prong, crone"
crony,3,"raise, count, crony"
crook,4,"raise, count, crock, crook"
cross,3,"raise, count, cross"
croup,3,"raise, count, croup"
crowd,4,"raise, count, crock, crowd"
crown,3,"raise, count, crown"
crude,4,"raise, prong, brute, crude"
cruel,4,"raise, coted, creek, cruel"
crumb,3,"raise, count, crumb"
crump,4,"raise, count, crumb, crump"
crush,3,"raise, count, crush"
crust,3,"raise, count, crust"
crypt,3,"raise, count, crypt"
cubic,4,"raise, linty, comic, cubic"
cumin,4,"raise, linty, undid, cumin"
curio,3,"raise, grout, curio"
curly,4,"raise, count, alarm, curly"
curry,4,"raise, count, alarm, curry"
curse,3,"raise, count, curse"
curve,4,"raise, prong, beret, curve"
curvy,4,"raise, count, alarm, curvy"
cutie,3,"raise, lingo, cutie"
cyber,4,"raise, coted, creek, cyber"
cycle,4,"raise, nould, belle, cycle"
cynic,3,"raise, linty, cynic"
daddy,4,"raise, cyton, godly, daddy"
daily,3,"raise, adapt, daily"
dairy,3,"raise, chafe, dairy"
daisy,2,"raise, daisy"
dally,4,"raise, cyton, godly, dally"
dance,3,"raise, gulch, dance"
dandy,4,"raise, cyton, dimly, dandy"
datum,3,"raise, cyton, datum"
daunt,4,"raise, cyton, dough, daunt"
dealt,3,"raise, tepal, dealt"
death,3,"raise, tepal, death"
debar,3,"raise, bleat, debar"
debit,3,"raise, lined, debit"
debug,4,"raise, lento, badly, debug"
debut,3,"raise, lento, debut"
decal,3,"raise, tepal, decal"
decay,4,"raise, tepal, began, decay"
decor,3,"raise, coted, decor"
decoy,3,"raise, lento, decoy"
decry,3,"raise, coted, decry"
defer,4,"raise, coted, drunk, defer"
deign,3,"raise, chynd, deign"
deity,3,"raise, chynd, deity"
delay,3,"raise, tepal, delay"
delta,4,"raise, tepal, dealt, delta"
delve,3,"raise, nould, delve"
demon,3,"raise, lento, demon"
demur,3,"raise, coted, demur"
denim,3,"raise, lined, denim"
dense,3,"raise, cloth, dense"
depot,3,"raise, lento, depot"
depth,3,"raise, lento, depth"
derby,4,"raise, coted, demur, derby"
deter,3,"raise, coted, deter"
detox,4,"raise, lento, depot, detox"
deuce,3,"raise, nould, deuce"
devil,3,"raise, lined, devil"
diary,3,"raise, gland, diary"
dicey,3,"raise, lined, dicey"
digit,4,"raise, linty, crowd, digit"
dilly,5,"raise, linty, bumfs, ahead, dilly"
dimly,4,"raise, linty, bumfs, dimly"
diner,3,"raise, vined, diner"
dingo,4,"raise, linty, crowd, dingo"
dingy,4,"raise, linty, kaids, dingy"
diode,4,"raise, lingo, biome, diode"
dirge,2,"raise, dirge"
dirty,4,"raise, grout, birth, dirty"
disco,4,"raise, shout, bison, disco"
ditch,4,"raise, linty, crowd, ditch"
ditto,3,"raise, linty, ditto"
ditty,4,"raise, linty, bawdy, ditty"
diver,3,"raise, vined, diver"
dizzy,4,"raise, linty, pudgy, dizzy"
dodge,3,"raise, nould, dodge"
dodgy,4,"raise, could, drown, dodgy"
dogma,3,"raise, cloam, dogma"
doing,3,"raise, clint, doing"
dolly,3,"raise, could, dolly"
donor,3,"raise, count, donor"
donut,3,"raise, could, donut"
dopey,4,"raise, lento, epoch, dopey"
doubt,3,"raise, could, doubt"
dough,4,"raise, could, doubt, dough"
dowdy,4,"raise, could, drown, dowdy"
dowel,4,"raise, lento, advew, dowel"
downy,4,"raise, could, drown, downy"
dowry,4,"raise, count, dimly, dowry"
dozen,4,"raise, lento, woven, dozen"
draft,3,"raise, tronc, draft"
drain,3,"raise, gland, drain"
drake,4,"raise, bract, dumpy, drake"
drama,4,"raise, tronc, delay, drama"
drank,4,"raise, tronc, bifid, drank"
drape,4,"raise, bract, dumpy, drape"
drawl,4,"raise, tronc, delay, drawl"
drawn,4,"raise, tronc, adapt, drawn"
dread,4,"raise, bleat, comfy, dread"
dream,4,"raise, bleat, comfy, dream"
dress,3,"raise, chops, dress"
dried,3,"raise, draft, dried"
drier,4,"raise, draft, dried, drier"
drift,3,"raise, tronk, drift"
drill,4,"raise, tronk, godly, drill"
drink,4,"raise, tronk, brink, drink"
drive,3,"raise, dempt, drive"
droit,3,"raise, grout, droit"
droll,4,"raise, count, blood, droll"
drone,4,"raise, prong, crone, drone"
drool,4,"raise, count, blood, drool"
droop,4,"raise, count, blood, droop"
dross,3,"raise, count, dross"
drove,4,"raise, prong, debts, drove"
drown,4,"raise, count, badge, drown"
druid,3,"raise, grout, druid"
drunk,3,"raise, count, drunk"
dryer,4,"raise, coted, drunk, dryer"
dryly,3,"raise, count, dryly"
duchy,3,"raise, could, duchy"
dully,3,"raise, could, dully"
dummy,4,"raise, could, dumpy, dummy"
dumpy,3,"raise, could, dumpy"
dunce,3,"raise, nould, dunce"
dusky,4,"raise, poynt, haulm, dusky"
dusty,4,"raise, poynt, dimly, dusty"
dutch,4,"raise, could, duchy, dutch"
duvet,4,"raise, lento, theft, duvet"
dwarf,4,"raise, tronc, award, dwarf"
dwell,4,"raise, lento, cupel, dwell"
dwelt,4,"raise, lento, cleft, dwelt"
dying,4,"raise, clint, doing, dying"
eager,3,"raise, empty, eager"
eagle,3,"raise, gulch, eagle"
early,3,"raise, empty, early"
earth,3,"raise, empty, earth"
easel,2,"raise, easel"
eaten,3,"raise, notch, eaten"
eater,3,"raise, empty, eater"
ebony,4,"raise, lento, woven, ebony"
eclat,4,"raise, tepal, bleat, eclat"
edict,3,"raise, chynd, edict"
edify,4,"raise, chynd, deity, edify"
eerie,3,"raise, dirge, eerie"
egret,4,"raise, coted, burnt, egret"
eight,3,"raise, lined, eight"
eject,4,"raise, lento, theft, eject"
eking,4,"raise, chynd, being, eking"
elate,4,"raise, black, dempt, elate"
elbow,4,"raise, lento, advew, elbow"
elder,4,"raise, coted, drunk, elder"
elect,4,"raise, lento, cleft, elect"
elegy,4,"raise, lento, cupel, elegy"
elfin,3,"raise, lined, elfin"
elide,3,"raise, cloth, elide"
elite,3,"raise, cloth, elite"
elope,4,"raise, nould, bicep, elope"
elude,3,"raise, nould, elude"
email,2,"raise, email"
embed,4,"raise, lento, check, embed"
ember,5,"raise, coted, ulpan, fever, ember"
emcee,4,"raise, nould, theme, emcee"
empty,3,"raise, lento, empty"
enact,4,"raise, tepal, agent, enact"
endow,4,"raise, lento, woven, endow"
enema,4,"raise, tepal, amend, enema"
enemy,4,"raise, lento, unfed, enemy"
enjoy,5,"raise, lento, woven, ebony, enjoy"
ennui,3,"raise, lined, ennui"
ensue,3,"raise, knots, ensue"
enter,4,"raise, coted, admin, enter"
entry,3,"raise, coted, entry"
envoy,4,"raise, lento, woven, envoy"
epoch,3,"raise, lento, epoch"
epoxy,4,"raise, lento, epoch, epoxy"
equal,3,"raise, tepal, equal"
equip,4,"raise, lined, befit, equip"
erase,3,"raise, arose, erase"
erect,3,"raise, coted, erect"
erode,4,"raise, prong, debts, erode"
error,3,"raise, coted, error"
erupt,3,"raise, coted, erupt"
essay,3,"raise, knelt, essay"
ester,3,"raise, swoun, ester"
ether,4,"raise, coted, burnt, ether"
ethic,4,"raise, lined, befit, ethic"
ethos,4,"raise, spelt, testy, ethos"
etude,4,"raise, nould, deuce, etude"
evade,4,"raise, black, adapt, evade"
event,3,"raise, lento, event"
every,4,"raise, coted, ferry, every"
evict,3,"raise, chynd, evict"
evoke,4,"raise, nould, choke, evoke"
exact,4,"raise, tepal, agent, exact"
exalt,3,"raise, tepal, exalt"
excel,4,"raise, lento, cupel, excel"
exert,4,"raise, coted, erupt, exert"
exile,3,"raise, cloth, exile"
exist,2,"raise, exist"
expel,4,"raise, lento, cupel, expel"
extol,4,"raise, lento, hotel, extol"
extra,3,"raise, bleat, extra"
exult,4,"raise, lento, cleft, exult"
eying,3,"raise, chynd, eying"
fable,4,"raise, gulch, datum, fable"
facet,4,"raise, notch, cadet, facet"
faint,3,"raise, adapt, faint"
fairy,3,"raise, chafe, fairy"
faith,3,"raise, adapt, faith"
false,3,"raise, ample, false"
fancy,3,"raise, cyton, fancy"
fanny,4,"raise, cyton, dimly, fanny"
farce,3,"raise, aback, farce"
fatal,4,"raise, cyton, datum, fatal"
fatty,4,"raise, cyton, beefy, fatty"
fault,3,"raise, cyton, fault"
fauna,4,"raise, cyton, banal, fauna"
favor,3,"raise, compt, favor"
feast,3,"raise, lefty, feast"
fecal,4,"raise, tepal, decal, fecal"
feign,3,"raise, chynd, feign"
fella,4,"raise, tepal, leafy, fella"
felon,3,"raise, lento, felon"
femme,4,"raise, nould, theme, femme"
femur,4,"raise, coted, ferry, femur"
fence,4,"raise, nould, chafe, fence"
feral,3,"raise, bleat, feral"
ferry,3,"raise, coted, ferry"
fetal,3,"raise, tepal, fetal"
fetch,4,"raise, lento, debut, fetch"
fetid,3,"raise, lined, fetid"
fetus,4,"raise, spelt, testy, fetus"
fever,4,"raise, coted, ulpan, fever"
fewer,5,"raise, coted, ulpan, fever, fewer"
fiber,4,"raise, vined, blimp, fiber"
fibre,3,"raise, dirge, fibre"
ficus,3,"raise, shout, ficus"
field,4,"raise, lined, awful, field"
fiend,3,"raise, lined, fiend"
fiery,3,"raise, vined, fiery"
fifth,4,"raise, linty, ditto, fifth"
fifty,4,"raise, linty, bawdy, fifty"
fight,5,"raise, linty, crowd, comfy, fight"
filer,4,"raise, vined, blimp, filer"
filet,3,"raise, lined, filet"
filly,4,"raise, linty, bumfs, filly"
filmy,4,"raise, linty, bumfs, filmy"
filth,3,"raise, linty, filth"
final,3,"raise, alant, final"
finch,4,"raise, linty, crowd, finch"
finer,4,"raise, vined, afoul, finer"
first,2,"raise, first"
fishy,3,"raise, shout, fishy"
fixer,4,"raise, vined, blimp, fixer"
fizzy,4,"raise, linty, pudgy, fizzy"
fjord,4,"raise, count, blood, fjord"
flack,4,"raise, cloam, black, flack"
flail,4,"raise, alant, acrid, flail"
flair,3,"raise, gland, flair"
flake,3,"raise, black, flake"
flaky,4,"raise, cloam, blank, flaky"
flame,4,"raise, black, dempt, flame"
flank,4,"raise, cloam, blank, flank"
flare,3,"raise, bract, flare"
flash,4,"raise, shalt, clash, flash"
flask,4,"raise, shalt, class, flask"
fleck,4,"raise, lento, cupel, fleck"
fleet,4,"raise, lento, cleft, fleet"
flesh,3,"raise, clogs, flesh"
flick,3,"raise, clint, flick"
flier,3,"raise, draft, flier"
fling,4,"raise, clint, blind, fling"
flint,3,"raise, clint, flint"
flirt,3,"raise, tronk, flirt"
float,4,"raise, cloam, badge, float"
flock,4,"raise, could, block, flock"
flood,4,"raise, could, blond, flood"
floor,4,"raise, count, blood, floor"
flora,4,"raise, tronc, agora, flora"
floss,3,"raise, bhuts, floss"
flour,4,"raise, count, fjord, flour"
flout,3,"raise, could, flout"
flown,4,"raise, could, bloom, flown"
fluff,4,"raise, could, flunk, fluff"
fluid,3,"raise, linty, fluid"
fluke,4,"raise, nould, empty, fluke"
flume,4,"raise, nould, empty, flume"
flung,4,"raise, could, flunk, flung"
flunk,3,"raise, could, flunk"
flush,4,"raise, bhuts, proof, flush"
flute,4,"raise, nould, empty, flute"
flyer,4,"raise, coted, ulpan, flyer"
foamy,4,"raise, cloam, dogma, foamy"
focal,4,"raise, cloam, lefty, focal"
focus,3,"raise, poynt, focus"
foggy,4,"raise, could, boozy, foggy"
foist,3,"raise, forth, foist"
folio,4,"raise, linty, fluid, folio"
folly,4,"raise, could, whang, folly"
foray,4,"raise, tronc, myrrh, foray"
force,3,"raise, prong, force"
forge,3,"raise, prong, forge"
forgo,4,"raise, count, dimly, forgo"
forte,4,"raise, prong, force, forte"
forth,3,"raise, count, forth"
forty,4,"raise, count, forth, forty"
forum,3,"raise, count, forum"
found,4,"raise, could, bumph, found"
foyer,4,"raise, coted, mawky, foyer"
frail,3,"raise, gland, frail"
frame,4,"raise, bract, dumpy, frame"
frank,4,"raise, tronc, bifid, frank"
fraud,4,"raise, tronc, delay, fraud"
freak,4,"raise, bleat, comfy, freak"
freed,4,"raise, coted, badge, freed"
freer,5,"raise, coted, ulpan, fever, freer"
fresh,3,"raise, chops, fresh"
friar,3,"raise, abled, friar"
fried,3,"raise, draft, fried"
frill,4,"raise, tronk, godly, frill"
frisk,3,"raise, aback, frisk"
fritz,4,"raise, tronk, drift, fritz"
frock,3,"raise, count, frock"
frond,4,"raise, count, prong, frond"
front,3,"raise, count, front"
frost,3,"raise, count, frost"
froth,4,"raise, count, throb, froth"
frown,4,"raise, count, badge, frown"
froze,4,"raise, prong, debts, froze"
fruit,3,"raise, grout, fruit"
fudge,4,"raise, nould, banjo, fudge"
fugue,3,"raise, nould, fugue"
fully,4,"raise, could, badge, fully"
fungi,4,"raise, linty, conic, fungi"
funky,5,"raise, could, nymph, bunny, funky"
funny,5,"raise, could, nymph, bunny, funny"
furor,4,"raise, count, fjord, furor"
furry,4,"raise, count, chalk, furry"
fussy,3,"raise, bhuts, fussy"
fuzzy,5,"raise, could, nymph, buggy, fuzzy"
gaffe,3,"raise, gulch, gaffe"
gaily,3,"raise, adapt, gaily"
gamer,3,"raise, empty, gamer"
gamma,3,"raise, cyton, gamma"
gamut,4,"raise, cyton, fault, gamut"
gassy,3,"raise, slept, gassy"
gaudy,4,"raise, cyton, godly, gaudy"
gauge,3,"raise, gulch, gauge"
gaunt,4,"raise, cyton, dough, gaunt"
gauze,4,"raise, gulch, gauge, gauze"
gavel,4,"raise, notch, bagel, gavel"
gawky,4,"raise, cyton, godly, gawky"
gayer,3,"raise, empty, gayer"
gayly,4,"raise, cyton, godly, gayly"
gazer,4,"raise, empty, aglow, gazer"
gecko,3,"raise, lento, gecko"
geeky,4,"raise, lento, badly, geeky"
geese,4,"raise, cloth, dense, geese"
genie,3,"raise, lingo, genie"
genre,3,"raise, prong, genre"
ghost,3,"raise, bhuts, ghost"
ghoul,4,"raise, could, flout, ghoul"
giant,3,"raise, alant, giant"
giddy,4,"raise, linty, pudgy, giddy"
gipsy,3,"raise, empty, gipsy"
girly,3,"raise, grout, girly"
girth,3,"raise, grout, girth"
given,3,"raise, lined, given"
giver,3,"raise, vined, giver"
glade,4,"raise, black, dempt, glade"
gland,4,"raise, cloam, blank, gland"
glare,4,"raise, bract, flare, glare"
glass,4,"raise, shalt, class, glass"
glaze,4,"raise, black, dempt, glaze"
gleam,4,"raise, tepal, glean, gleam"
glean,3,"raise, tepal, glean"
glide,4,"raise, cloth, elide, glide"
glint,4,"raise, clint, flint, glint"
gloat,4,"raise, cloam, badge, gloat"
globe,4,"raise, nould, bicep, globe"
gloom,4,"raise, could, bloom, gloom"
glory,4,"raise, count, blood, glory"
gloss,4,"raise, bhuts, floss, gloss"
glove,4,"raise, nould, bicep, glove"
glyph,3,"raise, could, glyph"
gnash,4,"raise, shalt, about, gnash"
gnome,4,"raise, nould, ozone, gnome"
godly,4,"raise, could, dolly, godly"
going,4,"raise, clint, doing, going"
golem,4,"raise, lento, advew, golem"
golly,4,"raise, could, whang, golly"
gonad,3,"raise, cloam, gonad"
goner,5,"raise, coted, mawky, anvil, goner"
goody,4,"raise, could, drown, goody"
gooey,4,"raise, lento, epoch, gooey"
goofy,4,"raise, could, boozy, goofy"
goose,4,"raise, cloth, admin, goose"
gorge,4,"raise, prong, forge, gorge"
gouge,4,"raise, nould, coupe, gouge"
gourd,3,"raise, count, gourd"
grace,3,"raise, bract, grace"
grade,4,"raise, bract, dumpy, grade"
graft,4,"raise, tronc, draft, graft"
grail,3,"raise, gland, grail"
grain,3,"raise, gland, grain"
grand,4,"raise, tronc, bifid, grand"
grant,3,"raise, tronc, grant"
grape,4,"raise, bract, dumpy, grape"
graph,4,"raise, tronc, delay, graph"
grasp,3,"raise, batch, grasp"
grass,4,"raise, batch, grasp, grass"
grate,3,"raise, bract, grate"
grave,4,"raise, bract, dumpy, grave"
gravy,4,"raise, tronc, delay, gravy"
graze,5,"raise, bract, dumpy, grave, graze"
great,3,"raise, bleat, great"
greed,4,"raise, coted, badge, greed"
green,4,"raise, coted, ulpan, green"
greet,4,"raise, coted, burnt, greet"
grief,4,"raise, draft, brief, grief"
grill,4,"raise, tronk, godly, grill"
grime,4,"raise, dempt, crime, grime"
grimy,4,"raise, tronk, godly, grimy"
grind,4,"raise, tronk, bring, grind"
gripe,3,"raise, dempt, gripe"
groan,3,"raise, tronc, groan"
groin,3,"raise, grout, groin"
groom,4,"raise, count, blood, groom"
grope,3,"raise, prong, grope"
gross,4,"raise, count, dross, gross"
group,4,"raise, count, fjord, group"
grout,3,"raise, count, grout"
grove,3,"raise, prong, grove"
growl,4,"raise, count, blood, growl"
grown,4,"raise, count, badge, grown"
gruel,4,"raise, coted, ulpan, gruel"
gruff,4,"raise, count, blurb, gruff"
grunt,4,"raise, count, brunt, grunt"
guard,4,"raise, tronc, award, guard"
guava,4,"raise, cloam, again, guava"
guess,3,"raise, clogs, guess"
guest,3,"raise, clogs, guest"
guide,3,"raise, cloth, guide"
guild,4,"raise, clint, build, guild"
guile,4,"raise, cloth, exile, guile"
guilt,4,"raise, clint, badge, guilt"
guise,3,"raise, noise, guise"
gulch,3,"raise, could, gulch"
gully,4,"raise, could, badge, gully"
gumbo,3,"raise, could, gumbo"
gummy,4,"raise, could, nymph, gummy"
guppy,4,"raise, could, nymph, guppy"
gusto,4,"raise, poynt, stood, gusto"
gusty,4,"raise, poynt, dimly, gusty"
gypsy,3,"raise, bhuts, gypsy"
habit,3,"raise, clapt, habit"
hairy,3,"raise, chafe, hairy"
halve,3,"raise, gulch, halve"
handy,4,"raise, cyton, dimly, handy"
happy,5,"raise, cyton, godly, amaze, happy"
hardy,3,"raise, compt, hardy"
harem,4,"raise, empty, gamer, harem"
harpy,3,"raise, compt, harpy"
harry,4,"raise, compt, hardy, harry"
harsh,2,"raise, harsh"
haste,3,"raise, butch, haste"
hasty,3,"raise, tonal, hasty"
hatch,4,"raise, cyton, blimp, hatch"
hater,4,"raise, empty, chalk, hater"
haunt,4,"raise, cyton, dough, haunt"
haute,3,"raise, gulch, haute"
haven,3,"raise, notch, haven"
havoc,3,"raise, cyton, havoc"
hazel,3,"raise, notch, hazel"
heady,4,"raise, tepal, beady, heady"
heard,4,"raise, bleat, weary, heard"
heart,3,"raise, bleat, heart"
heath,4,"raise, tepal, death, heath"
heave,4,"raise, black, adapt, heave"
heavy,4,"raise, tepal, beady, heavy"
hedge,3,"raise, nould, hedge"
hefty,4,"raise, lento, depth, hefty"
heist,3,"raise, exist, heist"
helix,3,"raise, lined, helix"
hello,4,"raise, lento, cello, hello"
hence,4,"raise, nould, chafe, hence"
heron,4,"raise, coted, error, heron"
hilly,5,"raise, linty, bumfs, ahead, hilly"
hinge,4,"raise, lingo, binge, hinge"
hippo,4,"raise, linty, vivid, hippo"
hippy,4,"raise, linty, pudgy, hippy"
hitch,4,"raise, linty, crowd, hitch"
hoard,4,"raise, tronc, myrrh, hoard"
hobby,4,"raise, could, boozy, hobby"
hoist,3,"raise, forth, hoist"
holly,4,"raise, could, whang, holly"
homer,4,"raise, coted, mawky, homer"
honey,4,"raise, lento, abhor, honey"
honor,4,"raise, count, donor, honor"
horde,4,"raise, prong, force, horde"
horny,3,"raise, count, horny"
horse,3,"raise, count, horse"
hotel,3,"raise, lento, hotel"
hotly,5,"raise, could, whang, holly, hotly"
hound,4,"raise, could, bumph, hound"
house,3,"raise, cloth, house"
hovel,4,"raise, lento, advew, hovel"
hover,5,"raise, coted, mawky, anvil, hover"
howdy,4,"raise, could, drown, howdy"
human,3,"raise, cloam, human"
humid,4,"raise, linty, comic, humid"
humor,4,"raise, count, fjord, humor"
humph,4,"raise, could, nymph, humph"
humus,4,"raise, poynt, shuck, humus"
hunch,4,"raise, could, habit, hunch"
hunky,4,"raise, could, nymph, hunky"
hurry,4,"raise, count, chalk, hurry"
husky,4,"raise, poynt, haulm, husky"
hussy,3,"raise, bhuts, hussy"
hutch,4,"raise, could, habit, hutch"
hydro,4,"raise, count, blood, hydro"
hyena,4,"raise, tepal, amend, hyena"
hymen,4,"raise, lento, unfed, hymen"
hyper,4,"raise, coted, ulpan, hyper"
icily,3,"raise, clint, icily"
icing,3,"raise, clint, icing"
ideal,3,"raise, email, ideal"
idiom,3,"raise, clint, idiom"
idiot,3,"raise, clint, idiot"
idler,3,"raise, vined, idler"
idyll,3,"raise, linty, idyll"
igloo,4,"raise, linty, fluid, igloo"
iliac,3,"raise, agony, iliac"
image,2,"raise, image"
imbue,4,"raise, lingo, cutie, imbue"
impel,3,"raise, lined, impel"
imply,3,"raise, linty, imply"
inane,3,"raise, image, inane"
inbox,4,"raise, linty, undid, inbox"
incur,3,"raise, grout, incur"
index,3,"raise, lined, index"
inept,4,"raise, lined, begin, inept"
inert,3,"raise, vined, inert"
infer,3,"raise, vined, infer"
ingot,3,"raise, linty, ingot"
inlay,4,"raise, alant, final, inlay"
inlet,3,"raise, lined, inlet"
inner,3,"raise, vined, inner"
input,4,"raise, linty, ingot, input"
inter,4,"raise, vined, infer, inter"
intro,3,"raise, grout, intro"
ionic,4,"raise, linty, conic, ionic"
irate,2,"raise, irate"
irony,4,"raise, grout, broil, irony"
islet,2,"raise, islet"
issue,3,"raise, siege, issue"
itchy,3,"raise, linty, itchy"
ivory,4,"raise, grout, choir, ivory"
jaunt,5,"raise, cyton, dough, trove, jaunt"
jazzy,5,"raise, cyton, godly, amaze, jazzy"
jelly,4,"raise, lento, vibey, jelly"
jerky,4,"raise, coted, ferry, jerky"
jetty,4,"raise, lento, depth, jetty"
jewel,4,"raise, lento, vibey, jewel"
jiffy,5,"raise, linty, pudgy, fizzy, jiffy"
joint,3,"raise, clint, joint"
joist,3,"raise, forth, joist"
joker,4,"raise, coted, mawky, joker"
jolly,5,"raise, could, whang, folly, jolly"
joust,3,"raise, bhuts, joust"
judge,4,"raise, nould, banjo, judge"
juice,3,"raise, cloth, juice"
juicy,3,"raise, clint, juicy"
jumbo,4,"raise, could, gumbo, jumbo"
jumpy,4,"raise, could, nymph, jumpy"
junta,4,"raise, cloam, again, junta"
junto,4,"raise, could, gumbo, junto"
juror,4,"raise, count, fjord, juror"
kappa,4,"raise, cyton, gamma, kappa"
karma,3,"raise, compt, karma"
kayak,4,"raise, cyton, godly, kayak"
kebab,4,"raise, tepal, began, kebab"
khaki,3,"raise, alant, khaki"
kinky,4,"raise, linty, kaids, kinky"
kiosk,3,"raise, empty, kiosk"
kitty,5,"raise, linty, bawdy, fifty, kitty"
knack,4,"raise, cloam, annul, knack"
knave,4,"raise, black, awake, knave"
knead,4,"raise, tepal, ahead, knead"
kneed,4,"raise, lento, unfed, kneed"
kneel,4,"raise, lento, blend, kneel"
knelt,3,"raise, lento, knelt"
knife,4,"raise, cloth, guide, knife"
knock,3,"raise, could, knock"
knoll,3,"raise, could, knoll"
known,4,"raise, could, phony, known"
koala,3,"raise, cloam, koala"
krill,3,"raise, tronk, krill"
label,4,"raise, notch, bagel, label"
labor,4,"raise, compt, favor, labor"
laden,3,"raise, notch, laden"
ladle,4,"raise, gulch, datum, ladle"
lager,4,"raise, empty, aglow, lager"
lance,3,"raise, gulch, lance"
lanky,4,"raise, cyton, dimly, lanky"
lapel,4,"raise, notch, bagel, lapel"
lapse,3,"raise, ample, lapse"
large,3,"raise, aback, large"
larva,4,"raise, compt, hardy, larva"
lasso,3,"raise, slept, lasso"
latch,4,"raise, cyton, blimp, latch"
later,4,"raise, empty, chalk, later"
lathe,3,"raise, gulch, lathe"
latte,4,"raise, gulch, datum, latte"
laugh,4,"raise, cyton, gamma, laugh"
layer,4,"raise, empty, gayer, layer"
leach,4,"raise, tepal, leafy, leach"
leafy,3,"raise, tepal, leafy"
leaky,4,"raise, tepal, leafy, leaky"
leant,4,"raise, tepal, dealt, leant"
leapt,3,"raise, tepal, leapt"
learn,3,"raise, bleat, learn"
lease,3,"raise, butch, lease"
leash,3,"raise, lefty, leash"
least,3,"raise, lefty, least"
leave,3,"raise, black, leave"
ledge,4,"raise, nould, delve, ledge"
leech,4,"raise, lento, abbey, leech"
leery,4,"raise, coted, ferry, leery"
lefty,3,"raise, lento, lefty"
legal,4,"raise, tepal, decal, legal"
leggy,4,"raise, lento, abbey, leggy"
lemon,3,"raise, lento, lemon"
lemur,4,"raise, coted, ferry, lemur"
leper,4,"raise, coted, ulpan, leper"
level,4,"raise, lento, abbey, level"
lever,4,"raise, coted, ulpan, lever"
libel,3,"raise, lined, libel"
liege,3,"raise, lingo, liege"
light,3,"raise, linty, light"
liken,3,"raise, lined, liken"
lilac,3,"raise, alant, lilac"
limbo,4,"raise, linty, lipid, limbo"
limit,4,"raise, linty, light, limit"
linen,3,"raise, lined, linen"
liner,4,"raise, vined, afoul, liner"
lingo,3,"raise, linty, lingo"
lipid,3,"raise, linty, lipid"
lithe,3,"raise, lingo, lithe"
liver,4,"raise, vined, giver, liver"
livid,4,"raise, linty, lipid, livid"
llama,3,"raise, cloam, llama"
loamy,3,"raise, cloam, loamy"
loath,4,"raise, cloam, koala, loath"
lobby,4,"raise, could, abort, lobby"
local,4,"raise, cloam, lefty, local"
locus,4,"raise, poynt, focus, locus"
lodge,3,"raise, nould, lodge"
lofty,4,"raise, could, abort, lofty"
logic,3,"raise, linty, logic"
login,3,"raise, linty, login"
loopy,4,"raise, could, abort, loopy"
loose,3,"raise, cloth, loose"
lorry,4,"raise, count, dimly, lorry"
loser,3,"raise, swoun, loser"
louse,3,"raise, cloth, louse"
lousy,3,"raise, bhuts, lousy"
lover,5,"raise, coted, mawky, anvil, lover"
lower,4,"raise, coted, mawky, lower"
lowly,4,"raise, could, whang, lowly"
loyal,4,"raise, cloam, tonal, loyal"
lucid,4,"raise, linty, logic, lucid"
lucky,4,"raise, could, gulch, lucky"
lumen,3,"raise, lento, lumen"
lumpy,4,"raise, could, bulky, lumpy"
lunar,4,"raise, tronc, angry, lunar"
lunch,4,"raise, could, gulch, lunch"
lunge,3,"raise, nould, lunge"
lupus,3,"raise, poynt, lupus"
lurch,3,"raise, count, lurch"
lurid,3,"raise, grout, lurid"
lusty,4,"raise, poynt, dimly, lusty"
lying,3,"raise, clint, lying"
lymph,4,"raise, could, glyph, lymph"
lynch,3,"raise, could, lynch"
lyric,4,"raise, grout, birch, lyric"
macaw,3,"raise, cyton, macaw"
macho,3,"raise, cyton, macho"
macro,3,"raise, compt, macro"
madam,4,"raise, cyton, gamma, madam"
madly,5,"raise, cyton, godly, badly, madly"
mafia,3,"raise, clapt, mafia"
magic,3,"raise, clapt, magic"
magma,4,"raise, cyton, gamma, magma"
maize,3,"raise, naive, maize"
major,4,"raise, compt, agony, major"
maker,4,"raise, empty, gamer, maker"
mambo,3,"raise, cyton, mambo"
mamma,4,"raise, cyton, gamma, mamma"
mammy,5,"raise, cyton, godly, amaze, mammy"
manga,4,"raise, cyton, banal, manga"
mange,4,"raise, gulch, badge, mange"
mango,4,"raise, cyton, banjo, mango"
mangy,4,"raise, cyton, dimly, mangy"
mania,4,"raise, clapt, mafia, mania"
manic,4,"raise, clapt, magic, manic"
manly,4,"raise, cyton, dimly, manly"
manor,4,"raise, compt, agony, manor"
maple,4,"raise, gulch, datum, maple"
march,3,"raise, compt, march"
marry,4,"raise, compt, karma, marry"
marsh,3,"raise, harsh, marsh"
mason,3,"raise, tonal, mason"
masse,3,"raise, ample, masse"
match,4,"raise, cyton, blimp, match"
matey,3,"raise, notch, matey"
mauve,3,"raise, gulch, mauve"
maxim,4,"raise, clapt, mafia, maxim"
maybe,3,"raise, gulch, maybe"
mayor,4,"raise, compt, agony, mayor"
mealy,4,"raise, tepal, leafy, mealy"
meant,4,"raise, tepal, death, meant"
meaty,4,"raise, tepal, death, meaty"
mecca,4,"raise, tepal, beady, mecca"
medal,4,"raise, tepal, decal, medal"
media,3,"raise, email, media"
medic,4,"raise, lined, debit, medic"
melee,3,"raise, nould, melee"
melon,4,"raise, lento, felon, melon"
mercy,3,"raise, coted, mercy"
merge,3,"raise, prong, merge"
merit,3,"raise, vined, merit"
merry,5,"raise, coted, ferry, berry, merry"
metal,4,"raise, tepal, fetal, metal"
meter,4,"raise, coted, admin, meter"
metro,3,"raise, coted, metro"
micro,3,"raise, grout, micro"
midge,3,"raise, lingo, midge"
midst,3,"raise, empty, midst"
might,5,"raise, linty, crowd, comfy, might"
milky,4,"raise, linty, bumfs, milky"
mimic,4,"raise, linty, vivid, mimic"
mince,3,"raise, lingo, mince"
miner,4,"raise, vined, afoul, miner"
minim,4,"raise, linty, crowd, minim"
minor,4,"raise, grout, micro, minor"
minty,3,"raise, linty, minty"
minus,4,"raise, shout, ficus, minus"
mirth,4,"raise, grout, birth, mirth"
miser,2,"raise, miser"
missy,3,"raise, empty, missy"
mocha,3,"raise, cloam, mocha"
modal,3,"raise, cloam, modal"
model,4,"raise, lento, advew, model"
modem,4,"raise, lento, epoch, modem"
mogul,3,"raise, could, mogul"
moist,4,"raise, forth, joist, moist"
molar,4,"raise, tronc, myrrh, molar"
moldy,3,"raise, could, moldy"
money,4,"raise, lento, abhor, money"
month,4,"raise, could, boozy, month"
moody,5,"raise, could, drown, goody, moody"
moose,4,"raise, cloth, admin, moose"
moral,4,"raise, tronc, myrrh, moral"
moron,4,"raise, count, donor, moron"
morph,4,"raise, count, dimly, morph"
mossy,4,"raise, bhuts, gypsy, mossy"
motel,4,"raise, lento, hotel, motel"
motif,4,"raise, linty, optic, motif"
motor,4,"raise, count, forth, motor"
motto,5,"raise, could, boozy, month, motto"
moult,3,"raise, could, moult"
mound,4,"raise, could, bumph, mound"
mount,4,"raise, could, mouth, mount"
mourn,3,"raise, count, mourn"
mouse,3,"raise, cloth, mouse"
mouth,3,"raise, could, mouth"
mover,4,"raise, coted, mawky, mover"
movie,3,"raise, lingo, movie"
mower,4,"raise, coted, mawky, mower"
mucky,4,"raise, could, habit, mucky"
mucus,4,"raise, poynt, shuck, mucus"
muddy,4,"raise, could, dumpy, muddy"
mulch,4,"raise, could, gulch, mulch"
mummy,5,"raise, could, nymph, gummy, mummy"
munch,4,"raise, could, habit, munch"
mural,4,"raise, tronc, award, mural"
murky,4,"raise, count, chalk, murky"
mushy,4,"raise, poynt, haulm, mushy"
music,3,"raise, shout, music"
musky,4,"raise, poynt, haulm, musky"
musty,4,"raise, poynt, dimly, musty"
myrrh,4,"raise, count, dryly, myrrh"
nadir,2,"raise, nadir"
naive,2,"raise, naive"
nanny,5,"raise, cyton, dimly, fanny, nanny"
nasal,3,"raise, tonal, nasal"
nasty,3,"raise, tonal, nasty"
natal,3,"raise, cyton, natal"
naval,4,"raise, cyton, banal, naval"
navel,3,"raise, notch, navel"
needy,4,"raise, lento, begun, needy"
neigh,3,"raise, chynd, neigh"
nerdy,4,"raise, coted, demur, nerdy"
nerve,3,"raise, prong, nerve"
never,4,"raise, coted, ulpan, never"
newer,5,"raise, coted, ulpan, never, newer"
newly,3,"raise, lento, newly"
nicer,3,"raise, vined, nicer"
niche,3,"raise, lingo, niche"
niece,4,"raise, lingo, niche, niece"
night,3,"raise, linty, night"
ninja,3,"raise, alant, ninja"
ninny,4,"raise, linty, kaids, ninny"
ninth,3,"raise, linty, ninth"
noble,3,"raise, nould, noble"
nobly,4,"raise, could, whang, nobly"
noise,2,"raise, noise"
noisy,3,"raise, forth, noisy"
nomad,3,"raise, cloam, nomad"
noose,4,"raise, cloth, admin, noose"
north,3,"raise, count, north"
nosey,4,"raise, spelt, bused, nosey"
notch,4,"raise, could, botch, notch"
novel,3,"raise, lento, novel"
nudge,3,"raise, nould, nudge"
nurse,3,"raise, count, nurse"
nutty,4,"raise, could, nymph, nutty"
nylon,4,"raise, could, bloom, nylon"
nymph,3,"raise, could, nymph"
oaken,3,"raise, notch, oaken"
obese,4,"raise, cloth, mouse, obese"
occur,3,"raise, count, occur"
ocean,4,"raise, tepal, ahead, ocean"
octal,4,"raise, cloam, lefty, octal"
octet,4,"raise, lento, comet, octet"
odder,4,"raise, coted, adult, odder"
oddly,3,"raise, could, oddly"
offal,4,"raise, cloam, tonal, offal"
offer,3,"raise, coted, offer"
often,3,"raise, lento, often"
olden,4,"raise, lento, novel, olden"
older,4,"raise, coted, adult, older"
olive,3,"raise, cloth, olive"
ombre,4,"raise, prong, force, ombre"
omega,4,"raise, tepal, amend, omega"
onion,3,"raise, clint, onion"
onset,3,"raise, spelt, onset"
opera,4,"raise, bleat, arena, opera"
opine,3,"raise, cloth, opine"
opium,4,"raise, clint, idiom, opium"
optic,3,"raise, linty, optic"
orbit,3,"raise, grout, orbit"
order,4,"raise, coted, adult, order"
organ,3,"raise, tronc, organ"
other,3,"raise, coted, other"
otter,3,"raise, coted, otter"
ought,4,"raise, could, gumbo, ought"
ounce,3,"raise, nould, ounce"
outdo,3,"raise, could, outdo"
outer,4,"raise, coted, otter, outer"
outgo,4,"raise, could, gumbo, outgo"
ovary,4,"raise, tronc, myrrh, ovary"
ovate,4,"raise, black, adapt, ovate"
overt,3,"raise, coted, overt"
ovine,4,"raise, cloth, opine, ovine"
ovoid,4,"raise, linty, comic, ovoid"
owing,4,"raise, clint, doing, owing"
owner,4,"raise, coted, offer, owner"
oxide,4,"raise, cloth, opine, oxide"
ozone,3,"raise, nould, ozone"
paddy,5,"raise, cyton, godly, daddy, paddy"
pagan,3,"raise, cyton, pagan"
paint,3,"raise, adapt, paint"
paler,3,"raise, empty, paler"
palsy,3,"raise, slept, palsy"
panel,4,"raise, notch, laden, panel"
panic,3,"raise, clapt, panic"
pansy,3,"raise, slept, pansy"
papal,4,"raise, cyton, gamma, papal"
paper,4,"raise, empty, caper, paper"
parer,4,"raise, empty, paler, parer"
parka,3,"raise, compt, parka"
parry,4,"raise, compt, parka, parry"
parse,2,"raise, parse"
party,3,"raise, compt, party"
pasta,4,"raise, tonal, hasty, pasta"
paste,4,"raise, butch, power, paste"
pasty,4,"raise, tonal, hasty, pasty"
patch,4,"raise, cyton, blimp, patch"
patio,3,"raise, clapt, patio"
patsy,3,"raise, slept, patsy"
patty,4,"raise, cyton, beefy, patty"
pause,3,"raise, ample, pause"
payee,4,"raise, gulch, maybe, payee"
payer,3,"raise, empty, payer"
peace,3,"raise, black, peace"
peach,3,"raise, tepal, peach"
pearl,4,"raise, bleat, learn, pearl"
pecan,3,"raise, tepal, pecan"
pedal,3,"raise, tepal, pedal"
penal,4,"raise, tepal, pedal, penal"
pence,4,"raise, nould, chafe, pence"
penne,4,"raise, nould, chafe, penne"
penny,4,"raise, lento, bench, penny"
perch,4,"raise, coted, mercy, perch"
peril,4,"raise, vined, merit, peril"
perky,5,"raise, coted, ferry, jerky, perky"
pesky,3,"raise, spelt, pesky"
pesto,3,"raise, spelt, pesto"
petal,3,"raise, tepal, petal"
petty,4,"raise, lento, depth, petty"
phase,3,"raise, butch, phase"
phone,4,"raise, nould, ozone, phone"
phony,3,"raise, could, phony"
photo,4,"raise, could, phony, photo"
piano,3,"raise, alant, piano"
picky,4,"raise, linty, pudgy, picky"
piece,4,"raise, lingo, acute, piece"
piety,4,"raise, lined, eight, piety"
piggy,4,"raise, linty, pudgy, piggy"
pilot,3,"raise, linty, pilot"
pinch,5,"raise, linty, crowd, finch, pinch"
piney,3,"raise, lined, piney"
pinky,4,"raise, linty, kaids, pinky"
pinto,4,"raise, linty, ninth, pinto"
piper,4,"raise, vined, blimp, piper"
pique,4,"raise, lingo, acute, pique"
pitch,5,"raise, linty, crowd, hitch, pitch"
pithy,3,"raise, linty, pithy"
pivot,5,"raise, linty, crowd, bigot, pivot"
pixel,4,"raise, lined, filet, pixel"
pixie,4,"raise, lingo, acute, pixie"
pizza,3,"raise, alant, pizza"
place,3,"raise, black, place"
plaid,4,"raise, alant, acrid, plaid"
plain,3,"raise, alant, plain"
plait,3,"raise, alant, plait"
plane,4,"raise, black, dempt, plane"
plank,5,"raise, cloam, blank, flank, plank"
plant,5,"raise, cloam, blank, gland, plant"
plate,4,"raise, black, dempt, plate"
plaza,4,"raise, cloam, blank, plaza"
plead,3,"raise, tepal, plead"
pleat,3,"raise, tepal, pleat"
plied,3,"raise, chynd, plied"
plier,3,"raise, draft, plier"
pluck,3,"raise, could, pluck"
plumb,4,"raise, could, flunk, plumb"
plume,4,"raise, nould, empty, plume"
plump,5,"raise, could, flunk, plumb, plump"
plunk,4,"raise, could, flunk, plunk"
plush,4,"raise, bhuts, proof, plush"
poesy,3,"raise, clogs, poesy"
point,4,"raise, clint, joint, point"
poise,3,"raise, noise, poise"
poker,5,"raise, coted, mawky, joker, poker"
polar,4,"raise, tronc, myrrh, polar"
polka,4,"raise, cloam, koala, polka"
polyp,4,"raise, could, abort, polyp"
pooch,4,"raise, could, botch, pooch"
poppy,5,"raise, could, boozy, foggy, poppy"
porch,3,"raise, count, porch"
poser,4,"raise, swoun, loser, poser"
posit,3,"raise, shout, posit"
posse,4,"raise, cloth, mouse, posse"
pouch,4,"raise, could, adapt, pouch"
pound,4,"raise, could, bumph, pound"
pouty,4,"raise, could, mouth, pouty"
power,5,"raise, coted, mawky, lower, power"
prank,4,"raise, tronc, bifid, prank"
prawn,4,"raise, tronc, adapt, prawn"
preen,4,"raise, coted, ulpan, preen"
press,3,"raise, chops, press"
price,3,"raise, dempt, price"
prick,4,"raise, tronk, bicep, prick"
pride,3,"raise, dempt, pride"
pried,4,"raise, draft, cried, pried"
prime,3,"raise, dempt, prime"
primo,3,"raise, tronk, primo"
print,3,"raise, tronk, print"
prior,4,"raise, tronk, primo, prior"
prism,3,"raise, aback, prism"
privy,4,"raise, tronk, godly, privy"
prize,4,"raise, dempt, price, prize"
probe,3,"raise, prong, probe"
prone,3,"raise, prong, prone"
prong,3,"raise, count, prong"
proof,5,"raise, count, blood, groom, proof"
prose,3,"raise, count, prose"
proud,4,"raise, count, fjord, proud"
prove,4,"raise, prong, probe, prove"
prowl,5,"raise, count, blood, growl, prowl"
proxy,4,"raise, count, blood, proxy"
prude,3,"raise, prong, prude"
prune,3,"raise, prong, prune"
psalm,3,"raise, clapt, psalm"
pubic,4,"raise, linty, comic, pubic"
pudgy,4,"raise, could, dumpy, pudgy"
puffy,4,"raise, could, nymph, puffy"
pulpy,4,"raise, could, bulky, pulpy"
pulse,3,"raise, cloth, pulse"
punch,5,"raise, could, habit, munch, punch"
pupal,4,"raise, cloam, bylaw, pupal"
pupil,4,"raise, linty, fluid, pupil"
puppy,5,"raise, could, nymph, guppy, puppy"
puree,3,"raise, prong, puree"
purer,4,"raise, coted, ulpan, purer"
purge,3,"raise, prong, purge"
purse,3,"raise, count, purse"
pushy,3,"raise, poynt, pushy"
putty,5,"raise, could, nymph, puffy, putty"
pygmy,4,"raise, could, nymph, pygmy"
quack,4,"raise, cloam, annul, quack"
quail,3,"raise, alant, quail"
quake,4,"raise, black, awake, quake"
qualm,3,"raise, cloam, qualm"
quark,4,"raise, tronc, award, quark"
quart,4,"raise, tronc, altar, quart"
quash,4,"raise, shalt, about, quash"
quasi,2,"raise, quasi"
queen,4,"raise, lento, unfed, queen"
queer,5,"raise, coted, ulpan, buyer, queer"
quell,4,"raise, lento, cupel, quell"
query,5,"raise, coted, ferry, every, query"
quest,3,"raise, clogs, quest"
queue,4,"raise, nould, fugue, queue"
quick,4,"raise, clint, juicy, quick"
quiet,3,"raise, chynd, quiet"
quill,4,"raise, clint, build, quill"
quilt,4,"raise, clint, badge, quilt"
quirk,3,"raise, tronk, quirk"
quite,3,"raise, cloth, quite"
quota,4,"raise, cloam, abbot, quota"
quote,3,"raise, nould, quote"
quoth,4,"raise, could, gumbo, quoth"
rabbi,3,"raise, blond, rabbi"
rabid,3,"raise, blond, rabid"
racer,3,"raise, carve, racer"
radar,3,"raise, lohan, radar"
radii,3,"raise, blond, radii"
radio,3,"raise, blond, radio"
rainy,2,"raise, rainy"
raise,1,raise
rajah,3,"raise, lohan, rajah"
rally,3,"raise, lohan, rally"
ralph,3,"raise, lohan, ralph"
ramen,3,"raise, carve, ramen"
ranch,3,"raise, lohan, ranch"
randy,3,"raise, lohan, randy"
range,2,"raise, range"
rapid,3,"raise, blond, rapid"
rarer,3,"raise, carve, rarer"
raspy,2,"raise, raspy"
ratio,3,"raise, blond, ratio"
ratty,3,"raise, lohan, ratty"
raven,3,"raise, carve, raven"
rayon,3,"raise, lohan, rayon"
razor,3,"raise, lohan, razor"
reach,3,"raise, hylas, reach"
react,3,"raise, hylas, react"
ready,3,"raise, hylas, ready"
realm,3,"raise, hylas, realm"
rearm,4,"raise, hylas, react, rearm"
rebar,3,"raise, hylas, rebar"
rebel,4,"raise, could, above, rebel"
rebus,2,"raise, rebus"
rebut,3,"raise, could, rebut"
recap,4,"raise, hylas, rebar, recap"
recur,3,"raise, could, recur"
recut,4,"raise, could, recur, recut"
reedy,3,"raise, could, reedy"
refer,3,"raise, could, refer"
refit,3,"raise, dempt, refit"
regal,3,"raise, hylas, regal"
rehab,3,"raise, hylas, rehab"
reign,2,"raise, reign"
relax,3,"raise, hylas, relax"
relay,3,"raise, hylas, relay"
relic,3,"raise, dempt, relic"
remit,3,"raise, dempt, remit"
renal,4,"raise, hylas, regal, renal"
renew,4,"raise, could, refer, renew"
repay,3,"raise, hylas, repay"
repel,4,"raise, could, above, repel"
reply,3,"raise, could, reply"
rerun,4,"raise, could, rebut, rerun"
reset,3,"raise, rebus, reset"
resin,2,"raise, resin"
retch,3,"raise, could, retch"
retro,3,"raise, could, retro"
retry,4,"raise, could, refer, retry"
reuse,2,"raise, reuse"
revel,4,"raise, could, above, revel"
revue,3,"raise, rogue, revue"
rhino,2,"raise, rhino"
rhyme,3,"raise, rogue, rhyme"
rider,3,"raise, dempt, rider"
ridge,2,"raise, ridge"
rifle,3,"raise, ridge, rifle"
right,3,"raise, robin, right"
rigid,3,"raise, robin, rigid"
rigor,3,"raise, robin, rigor"
rinse,2,"raise, rinse"
ripen,3,"raise, dempt, ripen"
riper,4,"raise, dempt, ripen, riper"
risen,3,"raise, resin, risen"
riser,3,"raise, resin, riser"
risky,2,"raise, risky"
rival,2,"raise, rival"
river,3,"raise, dempt, river"
rivet,3,"raise, dempt, rivet"
roach,3,"raise, royal, roach"
roast,2,"raise, roast"
robin,2,"raise, robin"
robot,3,"raise, muted, robot"
rocky,3,"raise, muted, rocky"
rodeo,3,"raise, could, rodeo"
roger,4,"raise, could, aglow, roger"
rogue,2,"raise, rogue"
roomy,3,"raise, muted, roomy"
roost,2,"raise, roost"
rotor,3,"raise, muted, rotor"
rouge,3,"raise, rogue, rouge"
rough,3,"raise, muted, rough"
round,3,"raise, muted, round"
rouse,3,"raise, reuse, rouse"
route,3,"raise, rogue, route"
rover,4,"raise, could, aglow, rover"
rowdy,3,"raise, muted, rowdy"
rower,4,"raise, could, aglow, rower"
royal,2,"raise, royal"
ruddy,3,"raise, muted, ruddy"
ruder,3,"raise, could, ruder"
rugby,3,"raise, muted, rugby"
ruler,3,"raise, could, ruler"
rumba,3,"raise, royal, rumba"
rumor,3,"raise, muted, rumor"
rupee,3,"raise, rogue, rupee"
rural,3,"raise, royal, rural"
rusty,2,"raise, rusty"
sadly,3,"raise, tonal, sadly"
safer,2,"raise, safer"
saint,2,"raise, saint"
salad,3,"raise, tonal, salad"
sally,4,"raise, tonal, sadly, sally"
salon,3,"raise, tonal, salon"
salsa,3,"raise, slept, salsa"
salty,3,"raise, tonal, salty"
salve,3,"raise, butch, salve"
salvo,3,"raise, tonal, salvo"
sandy,3,"raise, tonal, sandy"
saner,3,"raise, safer, saner"
sappy,4,"raise, tonal, bicep, sappy"
sassy,3,"raise, slept, sassy"
satin,3,"raise, bancs, satin"
satyr,2,"raise, satyr"
sauce,3,"raise, butch, sauce"
saucy,4,"raise, tonal, bicep, saucy"
sauna,3,"raise, tonal, sauna"
saute,3,"raise, butch, saute"
savor,3,"raise, satyr, savor"
savoy,3,"raise, tonal, savoy"
savvy,4,"raise, tonal, bicep, savvy"
scald,3,"raise, clapt, scald"
scale,3,"raise, thilk, scale"
scalp,3,"raise, clapt, scalp"
scaly,4,"raise, clapt, scald, scaly"
scamp,3,"raise, clapt, scamp"
scant,3,"raise, clapt, scant"
scare,3,"raise, chant, scare"
scarf,3,"raise, clapt, scarf"
scary,4,"raise, clapt, scarf, scary"
scene,3,"raise, knots, scene"
scent,4,"raise, spelt, sheet, scent"
scion,3,"raise, plant, scion"
scoff,4,"raise, poynt, chalk, scoff"
scold,4,"raise, poynt, chalk, scold"
scone,3,"raise, knots, scone"
scoop,4,"raise, poynt, flack, scoop"
scope,3,"raise, knots, scope"
score,3,"raise, potch, score"
scorn,4,"raise, poynt, awash, scorn"
scour,3,"raise, poynt, scour"
scout,4,"raise, poynt, bunch, scout"
scowl,4,"raise, poynt, chalk, scowl"
scram,3,"raise, clapt, scram"
scrap,3,"raise, clapt, scrap"
scree,3,"raise, potch, scree"
screw,3,"raise, swoun, screw"
scrub,3,"raise, poynt, scrub"
scrum,4,"raise, poynt, scrub, scrum"
scuba,3,"raise, clapt, scuba"
sedan,4,"raise, knelt, ashen, sedan"
seedy,3,"raise, spelt, seedy"
segue,3,"raise, knots, segue"
seize,3,"raise, plant, seize"
semen,3,"raise, spelt, semen"
sense,4,"raise, cloth, dense, sense"
sepia,2,"raise, sepia"
serif,3,"raise, miser, serif"
serum,3,"raise, swoun, serum"
serve,3,"raise, potch, serve"
setup,3,"raise, spelt, setup"
seven,4,"raise, spelt, semen, seven"
sever,4,"raise, swoun, sheer, sever"
sewer,4,"raise, swoun, screw, sewer"
shack,4,"raise, clapt, admin, shack"
shade,4,"raise, thilk, dumpy, shade"
shady,3,"raise, clapt, shady"
shaft,3,"raise, clapt, shaft"
shake,3,"raise, thilk, shake"
shaky,4,"raise, clapt, shady, shaky"
shale,3,"raise, thilk, shale"
shall,3,"raise, clapt, shall"
shalt,3,"raise, clapt, shalt"
shame,4,"raise, thilk, dumpy, shame"
shank,4,"raise, clapt, shady, shank"
shape,4,"raise, thilk, dumpy, shape"
shard,3,"raise, clapt, shard"
share,3,"raise, chant, share"
shark,4,"raise, clapt, shard, shark"
sharp,3,"raise, clapt, sharp"
shave,4,"raise, thilk, dumpy, shave"
shawl,4,"raise, clapt, shall, shawl"
shear,3,"raise, champ, shear"
sheen,4,"raise, spelt, seedy, sheen"
sheep,3,"raise, spelt, sheep"
sheer,3,"raise, swoun, sheer"
sheet,3,"raise, spelt, sheet"
sheik,3,"raise, islet, sheik"
shelf,4,"raise, spelt, shawl, shelf"
shell,4,"raise, spelt, shawl, shell"
shied,2,"raise, shied"
shift,3,"raise, plant, shift"
shine,3,"raise, plant, shine"
shiny,4,"raise, plant, suing, shiny"
shire,2,"raise, shire"
shirk,2,"raise, shirk"
shirt,3,"raise, shirk, shirt"
shoal,3,"raise, clapt, shoal"
shock,4,"raise, poynt, chalk, shock"
shone,4,"raise, knots, scone, shone"
shook,4,"raise, poynt, chalk, shook"
shoot,4,"raise, poynt, bunch, shoot"
shore,3,"raise, potch, shore"
shorn,4,"raise, poynt, awash, shorn"
short,3,"raise, poynt, short"
shout,4,"raise, poynt, bunch, shout"
shove,4,"raise, knots, scope, shove"
shown,3,"raise, poynt, shown"
showy,3,"raise, poynt, showy"
shrew,4,"raise, swoun, screw, shrew"
shrub,4,"raise, poynt, scrub, shrub"
shrug,4,"raise, poynt, scrub, shrug"
shuck,3,"raise, poynt, shuck"
shunt,3,"raise, poynt, shunt"
shush,3,"raise, bhuts, shush"
shyly,3,"raise, poynt, shyly"
siege,2,"raise, siege"
sieve,3,"raise, siege, sieve"
sight,3,"raise, shout, sight"
sigma,3,"raise, slain, sigma"
silky,3,"raise, shout, silky"
silly,4,"raise, shout, silky, silly"
since,3,"raise, siege, since"
sinew,3,"raise, islet, sinew"
singe,3,"raise, siege, singe"
siren,3,"raise, miser, siren"
sissy,3,"raise, empty, sissy"
sixth,3,"raise, shout, sixth"
sixty,3,"raise, shout, sixty"
skate,3,"raise, thilk, skate"
skier,2,"raise, skier"
skiff,3,"raise, plant, skiff"
skill,3,"raise, plant, skill"
skimp,3,"raise, plant, skimp"
skirt,3,"raise, shirk, skirt"
skulk,4,"raise, poynt, shuck, skulk"
skull,4,"raise, poynt, shuck, skull"
skunk,4,"raise, poynt, slung, skunk"
slack,3,"raise, clapt, slack"
slain,2,"raise, slain"
slang,3,"raise, clapt, slang"
slant,3,"raise, clapt, slant"
slash,3,"raise, shalt, slash"
slate,3,"raise, thilk, slate"
slave,3,"raise, thilk, slave"
sleek,3,"raise, spelt, sleek"
sleep,3,"raise, spelt, sleep"
sleet,3,"raise, spelt, sleet"
slept,3,"raise, spelt, slept"
slice,4,"raise, plant, acrid, slice"
slick,3,"raise, plant, slick"
slide,4,"raise, plant, acrid, slide"
slime,4,"raise, plant, acrid, slime"
slimy,4,"raise, plant, slick, slimy"
sling,3,"raise, plant, sling"
slink,4,"raise, plant, sling, slink"
sloop,4,"raise, poynt, flack, sloop"
slope,4,"raise, knots, scope, slope"
slosh,3,"raise, bhuts, slosh"
sloth,4,"raise, poynt, stood, sloth"
slump,4,"raise, poynt, lupus, slump"
slung,3,"raise, poynt, slung"
slunk,4,"raise, poynt, slung, slunk"
slurp,3,"raise, poynt, slurp"
slush,4,"raise, bhuts, proof, slush"
slyly,4,"raise, poynt, shyly, slyly"
smack,4,"raise, clapt, admin, smack"
small,4,"raise, clapt, shall, small"
smart,3,"raise, clapt, smart"
smash,3,"raise, shalt, smash"
smear,3,"raise, champ, smear"
smell,4,"raise, spelt, shawl, smell"
smelt,3,"raise, spelt, smelt"
smile,3,"raise, plant, smile"
smirk,3,"raise, shirk, smirk"
smite,3,"raise, plant, smite"
smith,4,"raise, plant, stick, smith"
smock,4,"raise, poynt, chalk, smock"
smoke,3,"raise, knots, smoke"
smoky,4,"raise, poynt, showy, smoky"
smote,3,"raise, knots, smote"
snack,4,"raise, clapt, admin, snack"
snail,3,"raise, slain, snail"
snake,3,"raise, thilk, snake"
snaky,4,"raise, clapt, shady, snaky"
snare,3,"raise, chant, snare"
snarl,3,"raise, clapt, snarl"
sneak,3,"raise, knelt, sneak"
sneer,3,"raise, swoun, sneer"
snide,3,"raise, plant, snide"
sniff,4,"raise, plant, scion, sniff"
snipe,3,"raise, plant, snipe"
snoop,3,"raise, poynt, snoop"
snore,3,"raise, potch, snore"
snort,3,"raise, poynt, snort"
snout,3,"raise, poynt, snout"
snowy,3,"raise, poynt, snowy"
snuck,3,"raise, poynt, snuck"
snuff,4,"raise, poynt, snuck, snuff"
soapy,3,"raise, clapt, soapy"
sober,3,"raise, swoun, sober"
soggy,3,"raise, poynt, soggy"
solar,3,"raise, clapt, solar"
solid,3,"raise, shout, solid"
solve,3,"raise, knots, solve"
sonar,4,"raise, clapt, arson, sonar"
sonic,4,"raise, shout, solid, sonic"
sooth,3,"raise, poynt, sooth"
sooty,3,"raise, poynt, sooty"
sorry,3,"raise, poynt, sorry"
sound,3,"raise, poynt, sound"
south,4,"raise, poynt, sooth, south"
sower,3,"raise, swoun, sower"
space,3,"raise, thilk, space"
spade,4,"raise, thilk, space, spade"
spank,3,"raise, clapt, spank"
spare,3,"raise, chant, spare"
spark,4,"raise, clapt, sharp, spark"
spasm,3,"raise, shalt, spasm"
spawn,4,"raise, clapt, spank, spawn"
speak,3,"raise, knelt, speak"
spear,3,"raise, champ, spear"
speck,4,"raise, spelt, speed, speck"
speed,3,"raise, spelt, speed"
spell,3,"raise, spelt, spell"
spelt,2,"raise, spelt"
spend,4,"raise, spelt, speed, spend"
spent,3,"raise, spelt, spent"
sperm,4,"raise, swoun, sheer, sperm"
spice,3,"raise, plant, spice"
spicy,4,"raise, plant, skimp, spicy"
spied,3,"raise, shied, spied"
spiel,3,"raise, shied, spiel"
spike,4,"raise, plant, spice, spike"
spiky,4,"raise, plant, skimp, spiky"
spill,3,"raise, plant, spill"
spilt,3,"raise, plant, spilt"
spine,3,"raise, plant, spine"
spiny,3,"raise, plant, spiny"
spire,3,"raise, shire, spire"
spite,3,"raise, plant, spite"
splat,3,"raise, clapt, splat"
split,3,"raise, shout, split"
spoil,3,"raise, shout, spoil"
spoke,4,"raise, knots, smoke, spoke"
spoof,4,"raise, poynt, flack, spoof"
spook,4,"raise, poynt, flack, spook"
spool,4,"raise, poynt, flack, spool"
spoon,4,"raise, poynt, snoop, spoon"
spore,3,"raise, potch, spore"
sport,3,"raise, poynt, sport"
spout,3,"raise, poynt, spout"
spray,3,"raise, clapt, spray"
spree,3,"raise, potch, spree"
sprig,2,"raise, sprig"
spunk,3,"raise, poynt, spunk"
spurn,3,"raise, poynt, spurn"
spurt,3,"raise, poynt, spurt"
squad,4,"raise, clapt, assay, squad"
squat,3,"raise, clapt, squat"
squib,3,"raise, shout, squib"
stack,3,"raise, clapt, stack"
staff,4,"raise, clapt, stand, staff"
stage,4,"raise, thilk, agate, stage"
staid,3,"raise, slain, staid"
stain,3,"raise, slain, stain"
stair,2,"raise, stair"
stake,4,"raise, thilk, skate, stake"
stale,3,"raise, thilk, stale"
stalk,3,"raise, clapt, stalk"
stall,4,"raise, clapt, stalk, stall"
stamp,3,"raise, clapt, stamp"
stand,3,"raise, clapt, stand"
stank,4,"raise, clapt, stand, stank"
stare,3,"raise, chant, stare"
stark,3,"raise, clapt, stark"
start,4,"raise, clapt, smart, start"
stash,3,"raise, shalt, stash"
state,4,"raise, thilk, agate, state"
stave,4,"raise, thilk, agate, stave"
stead,3,"raise, knelt, stead"
steak,3,"raise, knelt, steak"
steal,3,"raise, knelt, steal"
steam,4,"raise, knelt, stead, steam"
steed,3,"raise, spelt, steed"
steel,3,"raise, spelt, steel"
steep,3,"raise, spelt, steep"
steer,4,"raise, swoun, sheer, steer"
stein,3,"raise, islet, stein"
stern,3,"raise, swoun, stern"
stick,3,"raise, plant, stick"
stiff,4,"raise, plant, stick, stiff"
still,3,"raise, plant, still"
stilt,3,"raise, plant, stilt"
sting,3,"raise, plant, sting"
stink,4,"raise, plant, sting, stink"
stint,3,"raise, plant, stint"
stock,4,"raise, poynt, stood, stock"
stoic,3,"raise, shout, stoic"
stoke,3,"raise, knots, stoke"
stole,3,"raise, knots, stole"
stomp,3,"raise, poynt, stomp"
stone,3,"raise, knots, stone"
stony,3,"raise, poynt, stony"
stood,3,"raise, poynt, stood"
stool,4,"raise, poynt, stood, stool"
stoop,4,"raise, poynt, stomp, stoop"
store,3,"raise, potch, store"
stork,3,"raise, poynt, stork"
storm,4,"raise, poynt, stork, storm"
story,3,"raise, poynt, story"
stout,4,"raise, poynt, bunch, stout"
stove,4,"raise, knots, stole, stove"
strap,3,"raise, clapt, strap"
straw,3,"raise, clapt, straw"
stray,4,"raise, clapt, straw, stray"
strip,3,"raise, sprig, strip"
strut,3,"raise, poynt, strut"
stuck,3,"raise, poynt, stuck"
study,4,"raise, poynt, dimly, study"
stuff,4,"raise, poynt, stuck, stuff"
stump,3,"raise, poynt, stump"
stung,3,"raise, poynt, stung"
stunk,4,"raise, poynt, stung, stunk"
stunt,4,"raise, poynt, shunt, stunt"
style,3,"raise, knots, style"
suave,4,"raise, thilk, space, suave"
sugar,4,"raise, clapt, arson, sugar"
suing,3,"raise, plant, suing"
suite,4,"raise, plant, smite, suite"
sulky,4,"raise, poynt, haulm, sulky"
sully,4,"raise, poynt, haulm, sully"
sumac,4,"raise, clapt, scuba, sumac"
sunny,3,"raise, poynt, sunny"
super,3,"raise, swoun, super"
surer,4,"raise, swoun, super, surer"
surge,4,"raise, potch, serve, surge"
surly,3,"raise, poynt, surly"
sushi,3,"raise, shout, sushi"
swami,3,"raise, slain, swami"
swamp,4,"raise, clapt, spank, swamp"
swarm,4,"raise, clapt, shard, swarm"
swash,4,"raise, shalt, smash, swash"
swath,4,"raise, clapt, stand, swath"
swear,3,"raise, champ, swear"
sweat,3,"raise, knelt, sweat"
sweep,4,"raise, spelt, sheep, sweep"
sweet,4,"raise, spelt, sheet, sweet"
swell,4,"raise, spelt, shawl, swell"
swept,3,"raise, spelt, swept"
swift,4,"raise, plant, shift, swift"
swill,4,"raise, plant, skill, swill"
swine,4,"raise, plant, shine, swine"
swing,4,"raise, plant, suing, swing"
swirl,3,"raise, shirk, swirl"
swish,3,"raise, forth, swish"
swoon,4,"raise, poynt, shown, swoon"
swoop,4,"raise, poynt, flack, swoop"
sword,4,"raise, poynt, scour, sword"
swore,4,"raise, potch, snore, swore"
sworn,4,"raise, poynt, awash, sworn"
swung,4,"raise, poynt, slung, swung"
synod,4,"raise, poynt, snowy, synod"
syrup,3,"raise, poynt, syrup"
tabby,4,"raise, cyton, abled, tabby"
table,4,"raise, gulch, datum, table"
taboo,3,"raise, cyton, taboo"
tacit,3,"raise, clapt, tacit"
tacky,3,"raise, cyton, tacky"
taffy,4,"raise, cyton, abled, taffy"
taint,4,"raise, adapt, faint, taint"
taken,3,"raise, notch, taken"
taker,4,"raise, empty, chalk, taker"
tally,4,"raise, cyton, abled, tally"
talon,3,"raise, cyton, talon"
tamer,3,"raise, empty, tamer"
tango,3,"raise, cyton, tango"
tangy,3,"raise, cyton, tangy"
taper,3,"raise, empty, taper"
tapir,3,"raise, nadir, tapir"
tardy,3,"raise, compt, tardy"
tarot,3,"raise, compt, tarot"
taste,4,"raise, butch, power, taste"
tasty,3,"raise, tonal, tasty"
tatty,5,"raise, cyton, beefy, patty, tatty"
taunt,5,"raise, cyton, dough, trove, taunt"
tawny,4,"raise, cyton, tangy, tawny"
teach,3,"raise, tepal, teach"
teary,4,"raise, bleat, extra, teary"
tease,3,"raise, butch, tease"
teddy,4,"raise, lento, debut, teddy"
teeth,4,"raise, lento, depth, teeth"
tempo,3,"raise, lento, tempo"
tenet,3,"raise, lento, tenet"
tenor,4,"raise, coted, overt, tenor"
tense,3,"raise, cloth, tense"
tenth,3,"raise, lento, tenth"
tepee,4,"raise, nould, theme, tepee"
tepid,4,"raise, lined, fetid, tepid"
terra,4,"raise, bleat, extra, terra"
terse,3,"raise, count, terse"
testy,3,"raise, spelt, testy"
thank,4,"raise, cloam, again, thank"
theft,3,"raise, lento, theft"
their,4,"raise, vined, merit, their"
theme,3,"raise, nould, theme"
there,4,"raise, prong, beret, there"
these,3,"raise, cloth, these"
theta,3,"raise, tepal, theta"
thick,3,"raise, clint, thick"
thief,3,"raise, chynd, thief"
thigh,3,"raise, clint, thigh"
thing,3,"raise, clint, thing"
think,4,"raise, clint, thing, think"
third,3,"raise, tronk, third"
thong,4,"raise, could, phony, thong"
thorn,3,"raise, count, thorn"
those,3,"raise, cloth, those"
three,4,"raise, prong, beret, three"
threw,4,"raise, coted, burnt, threw"
throb,3,"raise, count, throb"
throw,4,"raise, count, throb, throw"
thrum,3,"raise, count, thrum"
thumb,3,"raise, could, thumb"
thump,4,"raise, could, thumb, thump"
thyme,4,"raise, nould, theme, thyme"
tiara,4,"raise, gland, chair, tiara"
tibia,3,"raise, alant, tibia"
tidal,3,"raise, alant, tidal"
tiger,5,"raise, vined, blimp, fixer, tiger"
tight,5,"raise, linty, crowd, comfy, tight"
tilde,4,"raise, lingo, bible, tilde"
timer,4,"raise, vined, blimp, timer"
timid,4,"raise, linty, crowd, timid"
tipsy,3,"raise, empty, tipsy"
titan,3,"raise, alant, titan"
tithe,4,"raise, lingo, acute, tithe"
title,4,"raise, lingo, bible, title"
toast,4,"raise, shalt, aback, toast"
today,4,"raise, cloam, gonad, today"
toddy,4,"raise, could, drown, toddy"
token,4,"raise, lento, often, token"
tonal,3,"raise, cloam, tonal"
tonga,4,"raise, cloam, abbot, tonga"
tonic,3,"raise, linty, tonic"
tooth,4,"raise, could, boozy, tooth"
topaz,4,"raise, cloam, gonad, topaz"
topic,4,"raise, linty, optic, topic"
torch,3,"raise, count, torch"
torso,3,"raise, count, torso"
torus,3,"raise, poynt, torus"
total,4,"raise, cloam, tonal, total"
totem,4,"raise, lento, comet, totem"
touch,4,"raise, could, adapt, touch"
tough,4,"raise, could, mouth, tough"
towel,4,"raise, lento, hotel, towel"
tower,3,"raise, coted, tower"
toxic,4,"raise, linty, optic, toxic"
toxin,4,"raise, linty, ingot, toxin"
trace,3,"raise, bract, trace"
track,3,"raise, tronc, track"
tract,4,"raise, tronc, track, tract"
trade,4,"raise, bract, grate, trade"
trail,4,"raise, gland, frail, trail"
train,4,"raise, gland, brain, train"
trait,4,"raise, gland, chair, trait"
tramp,3,"raise, tronc, tramp"
trash,3,"raise, batch, trash"
trawl,4,"raise, tronc, tramp, trawl"
tread,3,"raise, bleat, tread"
treat,4,"raise, bleat, great, treat"
trend,3,"raise, coted, trend"
triad,3,"raise, abled, triad"
trial,3,"raise, abled, trial"
tribe,4,"raise, dempt, bawty, tribe"
trice,4,"raise, dempt, bawty, trice"
trick,3,"raise, tronk, trick"
tried,3,"raise, draft, tried"
tripe,3,"raise, dempt, tripe"
trite,4,"raise, dempt, bawty, trite"
troll,4,"raise, count, throb, troll"
troop,4,"raise, count, throb, troop"
trope,3,"raise, prong, trope"
trout,4,"raise, count, grout, trout"
trove,4,"raise, prong, debts, trove"
truce,4,"raise, prong, brute, truce"
truck,3,"raise, count, truck"
truer,4,"raise, coted, burnt, truer"
truly,4,"raise, count, alarm, truly"
trump,4,"raise, count, alarm, trump"
trunk,3,"raise, count, trunk"
truss,3,"raise, count, truss"
trust,3,"raise, count, trust"
truth,4,"raise, count, alarm, truth"
tryst,3,"raise, count, tryst"
tubal,4,"raise, cloam, bylaw, tubal"
tuber,4,"raise, coted, burnt, tuber"
tulip,3,"raise, linty, tulip"
tulle,4,"raise, nould, bugle, tulle"
tumor,3,"raise, count, tumor"
tunic,4,"raise, linty, tonic, tunic"
turbo,4,"raise, count, tumor, turbo"
tutor,4,"raise, count, tumor, tutor"
twang,4,"raise, cloam, again, twang"
tweak,3,"raise, tepal, tweak"
tweed,4,"raise, lento, theft, tweed"
tweet,4,"raise, lento, theft, tweet"
twice,3,"raise, cloth, twice"
twine,3,"raise, cloth, twine"
twirl,4,"raise, tronk, third, twirl"
twist,3,"raise, forth, twist"
twixt,4,"raise, clint, idiot, twixt"
tying,4,"raise, clint, thing, tying"
udder,4,"raise, coted, drunk, udder"
ulcer,3,"raise, coted, ulcer"
ultra,4,"raise, tronc, altar, ultra"
umbra,4,"raise, tronc, award, umbra"
uncle,3,"raise, nould, uncle"
uncut,4,"raise, could, habit, uncut"
under,4,"raise, coted, drunk, under"
undid,3,"raise, linty, undid"
undue,4,"raise, nould, dunce, undue"
unfed,3,"raise, lento, unfed"
unfit,4,"raise, linty, ingot, unfit"
unify,4,"raise, clint, onion, unify"
union,4,"raise, clint, onion, union"
unite,4,"raise, cloth, quite, unite"
unity,3,"raise, clint, unity"
unlit,3,"raise, linty, unlit"
unmet,4,"raise, lento, event, unmet"
unset,4,"raise, spelt, onset, unset"
untie,3,"raise, lingo, untie"
until,4,"raise, linty, unlit, until"
unwed,4,"raise, lento, unfed, unwed"
unzip,4,"raise, linty, undid, unzip"
upper,4,"raise, coted, ulpan, upper"
upset,3,"raise, spelt, upset"
urban,4,"raise, tronc, adapt, urban"
urine,4,"raise, dempt, bribe, urine"
usage,4,"raise, thilk, space, usage"
usher,3,"raise, swoun, usher"
using,4,"raise, plant, suing, using"
usual,4,"raise, clapt, shoal, usual"
usurp,4,"raise, poynt, slurp, usurp"
utile,3,"raise, cloth, utile"
utter,4,"raise, coted, admin, utter"
vague,3,"raise, gulch, vague"
valet,3,"raise, notch, valet"
valid,3,"raise, clapt, valid"
valor,4,"raise, compt, favor, valor"
value,3,"raise, gulch, value"
valve,3,"raise, gulch, valve"
vapid,3,"raise, clapt, vapid"
vapor,3,"raise, compt, vapor"
vault,4,"raise, cyton, fault, vault"
vaunt,5,"raise, cyton, dough, trove, vaunt"
vegan,4,"raise, tepal, began, vegan"
venom,3,"raise, lento, venom"
venue,3,"raise, nould, venue"
verge,4,"raise, prong, merge, verge"
verse,3,"raise, count, verse"
verso,3,"raise, chops, verso"
verve,4,"raise, prong, beret, verve"
vicar,4,"raise, gland, circa, vicar"
video,4,"raise, lined, dicey, video"
vigil,4,"raise, linty, civil, vigil"
vigor,3,"raise, grout, vigor"
villa,4,"raise, alant, lilac, villa"
vinyl,3,"raise, linty, vinyl"
viola,4,"raise, alant, lilac, viola"
viper,3,"raise, vined, viper"
viral,3,"raise, gland, viral"
virus,3,"raise, sprig, virus"
visit,3,"raise, shout, visit"
visor,3,"raise, sprig, visor"
vista,3,"raise, slain, vista"
vital,4,"raise, alant, tidal, vital"
vivid,3,"raise, linty, vivid"
vixen,4,"raise, lined, given, vixen"
vocal,4,"raise, cloam, lefty, vocal"
vodka,4,"raise, cloam, abbot, vodka"
vogue,3,"raise, nould, vogue"
voice,3,"raise, cloth, voice"
voila,3,"raise, agony, voila"
vomit,4,"raise, linty, optic, vomit"
voter,3,"raise, coted, voter"
vouch,4,"raise, could, adapt, vouch"
vowel,4,"raise, lento, advew, vowel"
vying,4,"raise, clint, doing, vying"
wacky,3,"raise, cyton, wacky"
wafer,4,"raise, empty, aglow, wafer"
wager,4,"raise, empty, aglow, wager"
wagon,3,"raise, cyton, wagon"
waist,3,"raise, daisy, waist"
waive,3,"raise, naive, waive"
waltz,4,"raise, cyton, fault, waltz"
warty,4,"raise, compt, tardy, warty"
waste,4,"raise, butch, power, waste"
watch,5,"raise, cyton, blimp, hatch, watch"
water,4,"raise, empty, chalk, water"
waver,5,"raise, empty, aglow, wafer, waver"
waxen,4,"raise, notch, laden, waxen"
weary,3,"raise, bleat, weary"
weave,5,"raise, black, adapt, heave, weave"
wedge,4,"raise, nould, hedge, wedge"
weedy,4,"raise, lento, badly, weedy"
weigh,3,"raise, chynd, weigh"
weird,3,"raise, draft, weird"
welch,4,"raise, lento, vibey, welch"
welsh,3,"raise, clogs, welsh"
wench,4,"raise, lento, bench, wench"
whack,4,"raise, cloam, annul, whack"
whale,4,"raise, black, leave, whale"
wharf,4,"raise, tronc, award, wharf"
wheat,4,"raise, tepal, cheat, wheat"
wheel,4,"raise, lento, cupel, wheel"
whelp,4,"raise, lento, cupel, whelp"
where,4,"raise, prong, beret, where"
which,4,"raise, clint, juicy, which"
whiff,4,"raise, clint, idiom, whiff"
while,3,"raise, cloth, while"
whine,3,"raise, cloth, whine"
whiny,4,"raise, clint, doing, whiny"
whirl,4,"raise, tronk, chirp, whirl"
whisk,3,"raise, forth, whisk"
white,3,"raise, cloth, white"
whole,3,"raise, nould, whole"
whoop,4,"raise, could, phony, whoop"
whose,3,"raise, cloth, whose"
widen,3,"raise, lined, widen"
wider,4,"raise, vined, cider, wider"
widow,4,"raise, linty, vivid, widow"
width,4,"raise, linty, ditto, width"
wield,4,"raise, lined, awful, wield"
wight,4,"raise, linty, crowd, wight"
willy,5,"raise, linty, bumfs, ahead, willy"
wimpy,5,"raise, linty, pudgy, hippy, wimpy"
wince,4,"raise, lingo, mince, wince"
winch,4,"raise, linty, crowd, winch"
windy,4,"raise, linty, kaids, windy"
wiser,3,"raise, miser, wiser"
wispy,3,"raise, shout, wispy"
witch,4,"raise, linty, crowd, witch"
witty,4,"raise, linty, bawdy, witty"
woken,4,"raise, lento, woven, woken"
woman,4,"raise, cloam, nomad, woman"
women,5,"raise, lento, woven, woken, women"
woody,4,"raise, could, drown, woody"
wooer,4,"raise, coted, mawky, wooer"
wooly,4,"raise, could, whang, wooly"
woozy,4,"raise, could, boozy, woozy"
wordy,4,"raise, count, dimly, wordy"
world,4,"raise, count, dimly, world"
worry,4,"raise, count, dimly, worry"
worse,4,"raise, count, horse, worse"
worst,3,"raise, count, worst"
worth,4,"raise, count, forth, worth"
would,3,"raise, could, would"
wound,5,"raise, could, bumph, found, wound"
woven,3,"raise, lento, woven"
wrack,4,"raise, tronc, gawky, wrack"
wrath,4,"raise, tronc, draft, wrath"
wreak,5,"raise, bleat, comfy, dread, wreak"
wreck,4,"raise, coted, mercy, wreck"
wrest,3,"raise, chops, wrest"
wring,4,"raise, tronk, bring, wring"
wrist,4,"raise, aback, prism, wrist"
write,4,"raise, dempt, bawty, write"
wrong,4,"raise, count, prong, wrong"
wrote,4,"raise, prong, debts, wrote"
wrung,4,"raise, count, drunk, wrung"
wryly,4,"raise, count, dryly, wryly"
yacht,4,"raise, cyton, tacky, yacht"
yearn,4,"raise, bleat, weary, yearn"
yeast,3,"raise, lefty, yeast"
yield,4,"raise, lined, awful, yield"
young,4,"raise, could, mouth, young"
youth,4,"raise, could, mouth, youth"
zebra,4,"raise, bleat, amber, zebra"
zesty,4,"raise, spelt, testy, zesty"
zonal,4,"raise, cloam, tonal, zonal"
